plot,year,block,rate,pattern,s1,s2,s3,s4,s5,s6,s7,s8,s9,s10,s11,s12,s13,s14,s15,s16,s17,s18,s19,s20,s21,s22,s23,s24,s25,s26,s27,s28,s29,s30,s31,s32,s33,s34,s35,s36,s37,s38,s39,s40,s41,s42,s43,s44,s45,s46,s47,s48,s49,s50,s51,s52,s53,s54,s55,s56,s57,s58,s59,s60,s61,s62,s63,s64,s65,s66,s67,s68,s69,s70,s71,s72,s73,s74,s75,s76,s77,s78,s79,s80,s81,s82,s83,s84,s85,s86,s87,s88,s89,s90,s91,s92,s93,s94,s95,s96,s97,s98,s99,s100,s101,s102,s103,s104,s105,s106,s107,s108,s109,s110,s111,s112,s113,s114,s115,s116,s117,s118,s119,s120,s121,s122,s123,s124,s125,s126,s127,s128,s129,s130,s131,s132,s133,s134,s135,s136,s137,s138,s139,s140,s141,s142,s143,s144,s145,s146,s147,s148,s149,s150,s151,s152,s153,s154,s155,s156,s157,s158,s159,s160,s161,s162,s163,s164,s165,s166,s167,s168,s169,s170,s171,s172,s173,s174,s175,s176,s177,s178,s179,s180,s181,s182,s183,s184,s185,s186,s187,s188,s189,s190,s191,s192,s193,s194,s195,s196,s197,s198,s199,h1,h2,h3,h4,h5,h6,h7,h8,h9,h10,h11,h12,h13,h14,h15,h16,h17,h18,h19,h20,h21,h22,h23,h24,h25,h26,h27,h28,h29,h30,h31,h32,h33,h34,h35,h36,h37,h38,h39,h40,h41,h42,h43,h44,h45,h46,h47,h48,h49,h50,h51,h52,h53,h54,h55,h56,h57,h58,h59,h60,h61,h62,h63,h64,h65,h66,h67,h68,h69,h70,h71,h72,h73,h74,h75,h76,h77,h78,h79,h80,h81,h82,h83,h84,h85,h86,h87,h88,h89,h90,h91,h92,h93,h94,h95,h96,h97,h98,h99,h100,h101,h102,h103,h104,h105,h106,h107,h108,h109,h110,h111,h112,h113,h114,h115,h116,h117,h118,h119,h120,h121,h122,h123,h124,h125,h126,h127,h128,h129,h130,h131,h132,h133,h134,h135,h136,h137,h138,h139,h140,h141,h142,h143,h144,h145,h146,h147,h148,h149,h150,h151,h152,h153,h154,h155,h156,h157,h158,h159,h160,h161,h162,h163,h164,h165,h166,h167,h168,h169,h170,h171,h172,h173,h174,h175,h176,h177,h178,h179,h180,h181,h182,h183,h184,h185,h186,h187,h188,h189,h190,h191,h192,h193,h194,h195,d1,d2,d3,d4,d5,d6,d7,d8,d9,d10,d11,d12,d13,d14,d15,d16,d17,d18,d19,d20,d21,d22,d23,d24,d25,d26,d27,d28,d29,d30,d31,d32,d33,d34,d35,d36,d37,d38,d39,d40,d41,d42,d43,d44,d45,d46,d47,d48,d49,d50,d51,d52,d53,d54,d55,d56,d57,d58,d59,d60,d61,d62,d63,d64,d65,d66,d67,d68,d69,d70,d71,d72,d73,d74,d75,d76,d77,d78,d79,d80,d81,d82,d83,d84,d85,d86,d87,d88,d89,d90,d91,d92,d93,d94,d95,d96,d97,d98,d99,d100,d101,d102,d103,d104,d105,d106,d107,d108,d109,d110,d111,d112,d113,d114,d115,d116,d117,d118,d119,d120,d121,d122,d123,d124,d125,d126,d127,d128,d129,d130,d131,d132,d133,d134,d135,d136,d137,d138,d139,d140,d141,d142,d143,d144,d145,d146,d147,d148,d149,d150,d151,d152,d153,d154,d155,d156,d157,d158,d159,d160,d161,d162,d163,d164,d165,d166,d167,d168,d169,d170,d171,d172,d173,d174,d175,d176,d177,d178,d179,d180,d181,d182,d183,d184,d185,d186,d187,d188,d189,d190,d191,d192,d193,d194,d195,d196,d197,d198,d199,d200,d201
101,1,1,112,Row,69,71,31,61,61,59,61,65,61,59,67,61,67,65,61,30,61,69,61,65,61,63,65,63,65,65,61,61,61,61,69,69,61,61,69,71,69,65,67,65,71,61,61,61,61,69,69,65,65,65,61,61,65,69,61,67,65,69,65,71,65,69,67,69,65,69,69,69,69,65,65,63,69,67,67,69,67,69,69,65,67,69,67,71,67,67,67,67,67,63,69,30,67,69,67,65,67,0,0,0,0,0,0,0,0,0,0,0,0,0,0,0,0,0,0,0,0,0,0,0,0,0,0,0,0,0,0,0,0,0,0,0,0,0,0,0,0,0,0,0,0,0,0,0,0,0,0,0,0,0,0,0,0,0,0,0,0,0,0,0,0,0,0,0,0,0,0,0,0,0,0,0,0,0,0,0,0,0,0,0,0,0,0,0,0,0,0,0,0,0,0,0,0,0,0,0,0,0,0,15.2,20.3,20.3,25.4,33,50.8,50.8,53.3,55.9,63.5,68.6,68.6,71.1,71.1,71.1,71.1,73.7,76.2,76.2,78.7,78.7,78.7,78.7,81.3,83.8,83.8,86.4,88.9,91.4,94,96.5,96.5,96.5,96.5,96.5,97.8,99.1,99.1,99.1,99.1,99.1,99.1,99.1,99.1,101.6,101.6,104.1,104.1,104.1,104.1,108,109.2,109.2,111.8,111.8,111.8,111.8,111.8,114.3,114.3,114.3,114.3,115.6,116.8,116.8,116.8,119.4,119.4,119.4,119.4,119.4,121.9,124.5,124.5,127,127,129.5,129.5,129.5,129.5,129.5,129.5,130.8,132.1,132.1,134.6,134.6,134.6,137.2,137.2,137.2,137.2,139.7,141,142.2,142.2,142.2,144.8,0,0,0,0,0,0,0,0,0,0,0,0,0,0,0,0,0,0,0,0,0,0,0,0,0,0,0,0,0,0,0,0,0,0,0,0,0,0,0,0,0,0,0,0,0,0,0,0,0,0,0,0,0,0,0,0,0,0,0,0,0,0,0,0,0,0,0,0,0,0,0,0,0,0,0,0,0,0,0,0,0,0,0,0,0,0,0,0,0,0,0,0,0,0,0,0,0,1.26,0.45,1.29,1.37,0.87,0.85,1.17,0.84,1.33,1.03,1.17,1.22,1.95,1.33,1.36,1.46,1.1,1.19,1.29,1.33,1.6,1.42,1.89,1.48,1.3,2.16,2.22,1.25,1.72,1.76,2.09,2.34,1.99,1.59,1.65,1.75,1.9,1.99,2.17,2.19,2.28,2.86,3.13,1.73,1.93,2.29,2.51,2.39,2.17,2.84,1.76,2,2.31,2.42,2.67,2.01,2.43,2.72,2.78,2.73,2.1,2.46,2.59,2.36,2.48,2.65,2.68,2.73,2.3,2.23,2.55,2.64,2.66,2.26,2.88,2.9,3.15,3.2,4.09,3.08,3.23,3.31,2.99,3.26,3.77,3.14,3.14,3.17,3.49,3.86,2.81,2.89,3.84,4.09,3.99,0,0,0,0,0,0,0,0,0,0,0,0,0,0,0,0,0,0,0,0,0,0,0,0,0,0,0,0,0,0,0,0,0,0,0,0,0,0,0,0,0,0,0,0,0,0,0,0,0,0,0,0,0,0,0,0,0,0,0,0,0,0,0,0,0,0,0,0,0,0,0,0,0,0,0,0,0,0,0,0,0,0,0,0,0,0,0,0,0,0,0,0,0,0,0,0,0,0,0,0,0,0,0,0,0,0
102,1,1,28,Row,55,57,61,59,65,65,61,67,61,63,65,61,61,65,59,61,63,61,65,61,61,67,67,65,69,65,63,67,67,67,63,67,0,0,0,0,0,0,0,0,0,0,0,0,0,0,0,0,0,0,0,0,0,0,0,0,0,0,0,0,0,0,0,0,0,0,0,0,0,0,0,0,0,0,0,0,0,0,0,0,0,0,0,0,0,0,0,0,0,0,0,0,0,0,0,0,0,0,0,0,0,0,0,0,0,0,0,0,0,0,0,0,0,0,0,0,0,0,0,0,0,0,0,0,0,0,0,0,0,0,0,0,0,0,0,0,0,0,0,0,0,0,0,0,0,0,0,0,0,0,0,0,0,0,0,0,0,0,0,0,0,0,0,0,0,0,0,0,0,0,0,0,0,0,0,0,0,0,0,0,0,0,0,0,0,0,0,0,0,0,0,0,0,0,0,0,0,0,0,22.9,40.6,45.7,53.3,53.3,58.4,81.3,86.4,86.4,91.4,96.5,99.1,101.6,104.1,104.1,111.8,111.8,114.3,114.3,114.3,116.8,119.4,119.4,121.9,121.9,127,129.5,132.1,137.2,137.2,139.7,147.3,0,0,0,0,0,0,0,0,0,0,0,0,0,0,0,0,0,0,0,0,0,0,0,0,0,0,0,0,0,0,0,0,0,0,0,0,0,0,0,0,0,0,0,0,0,0,0,0,0,0,0,0,0,0,0,0,0,0,0,0,0,0,0,0,0,0,0,0,0,0,0,0,0,0,0,0,0,0,0,0,0,0,0,0,0,0,0,0,0,0,0,0,0,0,0,0,0,0,0,0,0,0,0,0,0,0,0,0,0,0,0,0,0,0,0,0,0,0,0,0,0,0,0,0,0,0,0,0,0,0,0,0,0,0,0,0,0,0,0,0,0,0,0,0,0,0,0,0,0,0,0,0,0,0,0,0,0,0,0,0,0,0,0,0.39,1.52,1.31,1.49,1.98,2.4,1.78,1.33,1.67,2.16,1.98,2.57,2.22,2.44,2.46,2.4,2.43,2.95,3.03,3.08,3.18,2.87,3.24,2.82,3.15,3.34,3.57,3.88,3.14,3.75,4.4,3.57,0,0,0,0,0,0,0,0,0,0,0,0,0,0,0,0,0,0,0,0,0,0,0,0,0,0,0,0,0,0,0,0,0,0,0,0,0,0,0,0,0,0,0,0,0,0,0,0,0,0,0,0,0,0,0,0,0,0,0,0,0,0,0,0,0,0,0,0,0,0,0,0,0,0,0,0,0,0,0,0,0,0,0,0,0,0,0,0,0,0,0,0,0,0,0,0,0,0,0,0,0,0,0,0,0,0,0,0,0,0,0,0,0,0,0,0,0,0,0,0,0,0,0,0,0,0,0,0,0,0,0,0,0,0,0,0,0,0,0,0,0,0,0,0,0,0,0,0,0,0,0,0,0,0,0,0,0,0,0,0,0,0,0,0,0,0,0,0,0
103,1,1,112,Grid,59,61,61,61,61,63,61,61,61,69,61,65,61,63,61,63,59,61,65,63,65,59,65,65,61,61,67,69,61,61,63,67,61,61,67,61,63,61,65,61,67,67,67,61,61,63,69,61,61,63,61,65,61,65,69,61,63,67,61,61,63,61,61,65,69,63,65,61,63,67,65,69,65,65,0,0,0,0,0,0,0,0,0,0,0,0,0,0,0,0,0,0,0,0,0,0,0,0,0,0,0,0,0,0,0,0,0,0,0,0,0,0,0,0,0,0,0,0,0,0,0,0,0,0,0,0,0,0,0,0,0,0,0,0,0,0,0,0,0,0,0,0,0,0,0,0,0,0,0,0,0,0,0,0,0,0,0,0,0,0,0,0,0,0,0,0,0,0,0,0,0,0,0,0,0,0,0,0,0,0,0,0,0,0,0,0,0,0,0,0,0,0,0,0,0,0,0,0,0,43.2,50.8,53.3,58.4,58.4,66,66,68.6,71.1,71.1,71.1,73.7,73.7,73.7,76.2,76.2,78.7,78.7,78.7,81.3,81.3,81.3,81.3,81.3,83.8,83.8,83.8,86.4,86.4,88.9,88.9,88.9,88.9,88.9,91.4,91.4,91.4,91.4,91.4,94,94,94,94,95.3,96.5,96.5,96.5,96.5,99.1,99.1,99.1,99.1,101.6,101.6,101.6,101.6,101.6,104.1,104.1,106.7,106.7,106.7,106.7,106.7,109.2,110.5,111.8,111.8,114.3,114.3,116.8,116.8,119.4,121.9,127,0,0,0,0,0,0,0,0,0,0,0,0,0,0,0,0,0,0,0,0,0,0,0,0,0,0,0,0,0,0,0,0,0,0,0,0,0,0,0,0,0,0,0,0,0,0,0,0,0,0,0,0,0,0,0,0,0,0,0,0,0,0,0,0,0,0,0,0,0,0,0,0,0,0,0,0,0,0,0,0,0,0,0,0,0,0,0,0,0,0,0,0,0,0,0,0,0,0,0,0,0,0,0,0,0,0,0,0,0,0,0,0,0,0,0,0,0,0,0,0,0.47,1.27,1.25,1.03,1.42,1.19,1.37,1.2,1.53,2.11,2.89,1.27,1.43,1.77,1.05,1.31,1.33,1.4,2.21,1.35,1.38,1.39,1.49,1.66,1.65,1.69,1.79,1.34,1.69,1.52,1.6,1.77,1.87,2.22,1.35,1.73,1.9,1.9,1.92,1.71,1.81,2.22,2.37,2.35,2.2,2.32,2.42,2.42,1.62,1.99,2.04,2.1,1.63,1.99,2.12,2.12,2.9,2.24,2.36,2.14,2.4,2.6,2.62,2.69,2.35,2.45,2.54,2.57,2.37,2.58,1.36,3,2.7,3.36,3.36,0,0,0,0,0,0,0,0,0,0,0,0,0,0,0,0,0,0,0,0,0,0,0,0,0,0,0,0,0,0,0,0,0,0,0,0,0,0,0,0,0,0,0,0,0,0,0,0,0,0,0,0,0,0,0,0,0,0,0,0,0,0,0,0,0,0,0,0,0,0,0,0,0,0,0,0,0,0,0,0,0,0,0,0,0,0,0,0,0,0,0,0,0,0,0,0,0,0,0,0,0,0,0,0,0,0,0,0,0,0,0,0,0,0,0,0,0,0,0,0,0,0,0,0,0,0
104,1,1,56,Row,25,25,25,25,25,25,25,41,59,59,59,63,61,61,61,63,61,61,65,63,65,59,67,61,65,65,61,61,61,65,65,65,65,65,65,63,61,65,65,0,0,0,0,0,0,0,0,0,0,0,0,0,0,0,0,0,0,0,0,0,0,0,0,0,0,0,0,0,0,0,0,0,0,0,0,0,0,0,0,0,0,0,0,0,0,0,0,0,0,0,0,0,0,0,0,0,0,0,0,0,0,0,0,0,0,0,0,0,0,0,0,0,0,0,0,0,0,0,0,0,0,0,0,0,0,0,0,0,0,0,0,0,0,0,0,0,0,0,0,0,0,0,0,0,0,0,0,0,0,0,0,0,0,0,0,0,0,0,0,0,0,0,0,0,0,0,0,0,0,0,0,0,0,0,0,0,0,0,0,0,0,0,0,0,0,0,0,0,0,0,0,0,0,0,0,0,0,0,0,12.7,15.2,17.8,17.8,22.9,22.9,25.4,25.4,38.1,53.3,58.4,68.6,78.7,78.7,81.3,91.4,94,96.5,101.6,101.6,104.1,104.1,104.1,106.7,109.2,109.2,111.8,114.3,114.3,116.8,121.9,121.9,124.5,124.5,124.5,129.5,132.1,134.6,139.7,0,0,0,0,0,0,0,0,0,0,0,0,0,0,0,0,0,0,0,0,0,0,0,0,0,0,0,0,0,0,0,0,0,0,0,0,0,0,0,0,0,0,0,0,0,0,0,0,0,0,0,0,0,0,0,0,0,0,0,0,0,0,0,0,0,0,0,0,0,0,0,0,0,0,0,0,0,0,0,0,0,0,0,0,0,0,0,0,0,0,0,0,0,0,0,0,0,0,0,0,0,0,0,0,0,0,0,0,0,0,0,0,0,0,0,0,0,0,0,0,0,0,0,0,0,0,0,0,0,0,0,0,0,0,0,0,0,0,0,0,0,0,0,0,0,0,0,0,0,0,0,0,0,0,0,0,0.29,1.28,1.5,0.84,1.51,1.19,1.47,1.86,2.06,3.46,2.54,1.71,3.18,1.97,2.14,3,2.05,2.48,2.5,1.81,2.38,3.09,2.72,2.83,3.7,1.745,2.58,3.28,2.17,3.7,3.75,3.8,0,0,0,0,0,0,0,0,0,0,0,0,0,0,0,0,0,0,0,0,0,0,0,0,0,0,0,0,0,0,0,0,0,0,0,0,0,0,0,0,0,0,0,0,0,0,0,0,0,0,0,0,0,0,0,0,0,0,0,0,0,0,0,0,0,0,0,0,0,0,0,0,0,0,0,0,0,0,0,0,0,0,0,0,0,0,0,0,0,0,0,0,0,0,0,0,0,0,0,0,0,0,0,0,0,0,0,0,0,0,0,0,0,0,0,0,0,0,0,0,0,0,0,0,0,0,0,0,0,0,0,0,0,0,0,0,0,0,0,0,0,0,0,0,0,0,0,0,0,0,0,0,0,0,0,0,0,0,0,0,0,0,0,0,0,0,0,0,0
105,1,1,168,Grid,59,61,61,61,61,61,63,61,61,61,61,61,61,61,59,61,61,53,61,61,61,61,63,69,65,61,61,61,61,61,61,61,63,61,65,63,63,61,63,61,61,61,61,63,63,61,63,65,61,65,61,63,65,61,61,53,67,65,63,65,63,61,63,65,61,65,61,63,65,61,61,63,63,63,67,61,65,65,61,65,61,61,63,61,61,63,0,0,0,0,0,0,0,0,0,0,0,0,0,0,0,0,0,0,0,0,0,0,0,0,0,0,0,0,0,0,0,0,0,0,0,0,0,0,0,0,0,0,0,0,0,0,0,0,0,0,0,0,0,0,0,0,0,0,0,0,0,0,0,0,0,0,0,0,0,0,0,0,0,0,0,0,0,0,0,0,0,0,0,0,0,0,0,0,0,0,0,0,0,0,0,0,0,0,0,0,0,0,0,0,0,0,0,0,0,0,0,0,0,20.3,25.4,27.9,27.9,35.6,38.1,38.1,38.1,38.1,38.1,40.6,40.6,40.6,45.7,45.7,45.7,45.7,45.7,47,48.3,50.8,50.8,50.8,50.8,50.8,55.9,55.9,55.9,58.4,58.4,58.4,58.4,58.4,61,61,63.5,63.5,63.5,66,66,66,66,66,66,66,68.6,68.6,68.6,68.6,71.1,71.1,72.4,73.7,76.2,76.2,76.2,76.2,78.7,78.7,78.7,78.7,78.7,78.7,81.3,81.3,81.3,81.3,81.3,81.3,81.3,83.8,83.8,86.4,86.4,86.4,86.4,86.4,86.4,88.9,91.4,91.4,94,94,99.1,101.6,101.6,0,0,0,0,0,0,0,0,0,0,0,0,0,0,0,0,0,0,0,0,0,0,0,0,0,0,0,0,0,0,0,0,0,0,0,0,0,0,0,0,0,0,0,0,0,0,0,0,0,0,0,0,0,0,0,0,0,0,0,0,0,0,0,0,0,0,0,0,0,0,0,0,0,0,0,0,0,0,0,0,0,0,0,0,0,0,0,0,0,0,0,0,0,0,0,0,0,0,0,0,0,0,0,0,0,0,0,0,0,0.6,0.72,0.3,0.43,0.51,0.4,0.56,0.65,0.72,0.54,0.7,0.98,0.42,0.59,0.67,0.68,0.79,0.88,0.8,0.69,0.76,0.83,1.08,1.19,0.9,1.32,1.36,0.92,0.98,1.07,1.09,1.47,1.07,1.32,1.16,1.18,1.33,0.92,0.94,1.03,1.1,1.2,1.53,1.62,0.9,0.96,1.03,1.4,1.32,1.39,1.3,1.41,1.11,1.14,1.21,1.24,1.2,1.48,1.56,1.57,1.63,1.89,1.15,1.39,1.42,1.55,1.55,1.68,2.08,1.33,1.49,1.47,1.55,1.64,1.65,1.72,1.81,1.92,1.69,1.86,2.01,2.4,2.07,2.08,2.67,0,0,0,0,0,0,0,0,0,0,0,0,0,0,0,0,0,0,0,0,0,0,0,0,0,0,0,0,0,0,0,0,0,0,0,0,0,0,0,0,0,0,0,0,0,0,0,0,0,0,0,0,0,0,0,0,0,0,0,0,0,0,0,0,0,0,0,0,0,0,0,0,0,0,0,0,0,0,0,0,0,0,0,0,0,0,0,0,0,0,0,0,0,0,0,0,0,0,0,0,0,0,0,0,0,0,0,0,0,0,0,0,0,0,0,0
107,1,1,56,Grid,61,61,61,65,61,61,61,61,67,61,61,67,63,67,65,61,61,63,69,63,69,61,63,61,69,61,63,61,67,63,65,65,0,0,0,0,0,0,0,0,0,0,0,0,0,0,0,0,0,0,0,0,0,0,0,0,0,0,0,0,0,0,0,0,0,0,0,0,0,0,0,0,0,0,0,0,0,0,0,0,0,0,0,0,0,0,0,0,0,0,0,0,0,0,0,0,0,0,0,0,0,0,0,0,0,0,0,0,0,0,0,0,0,0,0,0,0,0,0,0,0,0,0,0,0,0,0,0,0,0,0,0,0,0,0,0,0,0,0,0,0,0,0,0,0,0,0,0,0,0,0,0,0,0,0,0,0,0,0,0,0,0,0,0,0,0,0,0,0,0,0,0,0,0,0,0,0,0,0,0,0,0,0,0,0,0,0,0,0,0,0,0,0,0,0,0,0,0,0,40.6,45.7,53.3,68.6,73.7,76.2,81.3,86.4,86.4,88.9,99.1,101.6,106.7,114.3,116.8,116.8,116.8,118.1,119.4,119.4,119.4,121.9,124.5,127,127,127,129.5,132.1,134.6,139.7,139.7,142.2,0,0,0,0,0,0,0,0,0,0,0,0,0,0,0,0,0,0,0,0,0,0,0,0,0,0,0,0,0,0,0,0,0,0,0,0,0,0,0,0,0,0,0,0,0,0,0,0,0,0,0,0,0,0,0,0,0,0,0,0,0,0,0,0,0,0,0,0,0,0,0,0,0,0,0,0,0,0,0,0,0,0,0,0,0,0,0,0,0,0,0,0,0,0,0,0,0,0,0,0,0,0,0,0,0,0,0,0,0,0,0,0,0,0,0,0,0,0,0,0,0,0,0,0,0,0,0,0,0,0,0,0,0,0,0,0,0,0,0,0,0,0,0,0,0,0,0,0,0,0,0,0,0,0,0,0,0,0,0,0,0,0,0,0.63,1.05,0.96,1.65,1.36,1.02,2.22,1.62,1.64,1.84,2.51,2.18,2.48,2.59,2.58,2.88,3.09,3.05,2.82,3.04,3.4,3.3,3.98,3.06,3.18,3.7,3.35,3.54,3.83,3.51,4.17,4.13,0,0,0,0,0,0,0,0,0,0,0,0,0,0,0,0,0,0,0,0,0,0,0,0,0,0,0,0,0,0,0,0,0,0,0,0,0,0,0,0,0,0,0,0,0,0,0,0,0,0,0,0,0,0,0,0,0,0,0,0,0,0,0,0,0,0,0,0,0,0,0,0,0,0,0,0,0,0,0,0,0,0,0,0,0,0,0,0,0,0,0,0,0,0,0,0,0,0,0,0,0,0,0,0,0,0,0,0,0,0,0,0,0,0,0,0,0,0,0,0,0,0,0,0,0,0,0,0,0,0,0,0,0,0,0,0,0,0,0,0,0,0,0,0,0,0,0,0,0,0,0,0,0,0,0,0,0,0,0,0,0,0,0,0,0,0,0,0,0
108,1,1,28,Grid,25,25,61,61,61,61,65,65,69,65,65,67,67,63,65,65,69,69,65,65,67,61,69,69,65,67,63,0,0,0,0,0,0,0,0,0,0,0,0,0,0,0,0,0,0,0,0,0,0,0,0,0,0,0,0,0,0,0,0,0,0,0,0,0,0,0,0,0,0,0,0,0,0,0,0,0,0,0,0,0,0,0,0,0,0,0,0,0,0,0,0,0,0,0,0,0,0,0,0,0,0,0,0,0,0,0,0,0,0,0,0,0,0,0,0,0,0,0,0,0,0,0,0,0,0,0,0,0,0,0,0,0,0,0,0,0,0,0,0,0,0,0,0,0,0,0,0,0,0,0,0,0,0,0,0,0,0,0,0,0,0,0,0,0,0,0,0,0,0,0,0,0,0,0,0,0,0,0,0,0,0,0,0,0,0,0,0,0,0,0,0,0,0,0,0,0,0,0,0,12.7,15.2,76.2,91.4,96.5,101.6,106.7,114.3,114.3,116.8,116.8,119.4,121.9,124.5,127,129.5,129.5,129.5,129.5,129.5,129.5,129.5,129.5,132.1,132.1,132.1,132.1,0,0,0,0,0,0,0,0,0,0,0,0,0,0,0,0,0,0,0,0,0,0,0,0,0,0,0,0,0,0,0,0,0,0,0,0,0,0,0,0,0,0,0,0,0,0,0,0,0,0,0,0,0,0,0,0,0,0,0,0,0,0,0,0,0,0,0,0,0,0,0,0,0,0,0,0,0,0,0,0,0,0,0,0,0,0,0,0,0,0,0,0,0,0,0,0,0,0,0,0,0,0,0,0,0,0,0,0,0,0,0,0,0,0,0,0,0,0,0,0,0,0,0,0,0,0,0,0,0,0,0,0,0,0,0,0,0,0,0,0,0,0,0,0,0,0,0,0,0,0,0,0,0,0,0,0,0,0,0,0,0,0,0,0,0,0,0,0,1.53,2.82,1.98,2.35,2.01,2.56,3.27,2.75,2.76,2.87,3.11,2.98,2.95,2.69,2.88,2.95,3.08,3.34,3.39,3.42,3.53,3.01,3.2,3.27,3.38,0,0,0,0,0,0,0,0,0,0,0,0,0,0,0,0,0,0,0,0,0,0,0,0,0,0,0,0,0,0,0,0,0,0,0,0,0,0,0,0,0,0,0,0,0,0,0,0,0,0,0,0,0,0,0,0,0,0,0,0,0,0,0,0,0,0,0,0,0,0,0,0,0,0,0,0,0,0,0,0,0,0,0,0,0,0,0,0,0,0,0,0,0,0,0,0,0,0,0,0,0,0,0,0,0,0,0,0,0,0,0,0,0,0,0,0,0,0,0,0,0,0,0,0,0,0,0,0,0,0,0,0,0,0,0,0,0,0,0,0,0,0,0,0,0,0,0,0,0,0,0,0,0,0,0,0,0,0,0,0,0,0,0,0,0,0,0,0,0,0,0,0,0,0,0,0
109,1,1,168,Row,61,59,61,67,63,61,61,63,63,61,61,61,61,61,61,61,65,61,61,65,61,61,61,63,61,61,69,61,61,65,61,63,61,63,61,65,65,65,65,65,63,65,61,61,59,65,65,65,59,65,65,63,67,65,63,63,61,65,65,61,67,63,61,67,63,67,65,67,67,61,65,65,63,65,65,63,61,65,63,69,65,65,67,65,65,65,67,69,65,65,63,67,63,61,63,67,63,61,69,69,61,63,69,0,0,0,0,0,0,0,0,0,0,0,0,0,0,0,0,0,0,0,0,0,0,0,0,0,0,0,0,0,0,0,0,0,0,0,0,0,0,0,0,0,0,0,0,0,0,0,0,0,0,0,0,0,0,0,0,0,0,0,0,0,0,0,0,0,0,0,0,0,0,0,0,0,0,0,0,0,0,0,0,0,0,0,0,0,0,0,0,0,0,0,0,0,0,0,0,25.4,30.5,40.6,43.2,45.7,45.7,48.3,50.8,53.3,53.3,53.3,53.3,53.3,54.6,55.9,55.9,55.9,55.9,55.9,55.9,55.9,55.9,58.4,58.4,58.4,58.4,58.4,58.4,58.4,61,61,61,61,63.5,63.5,66,66,66,67.3,68.6,68.6,68.6,68.6,68.6,68.6,71.1,71.1,71.1,71.1,71.1,71.1,71.1,72.4,73.7,73.7,73.7,76.2,76.2,76.2,78.7,78.7,78.7,78.7,81.3,81.3,81.3,81.3,81.3,81.3,81.3,81.3,83.8,83.8,83.8,83.8,83.8,86.4,86.4,86.4,86.4,86.4,88.9,88.9,88.9,88.9,91.4,91.4,91.4,91.4,91.4,91.4,94,94,94,96.5,96.5,96.5,96.5,99.1,101.6,116.8,170.2,172.7,0,0,0,0,0,0,0,0,0,0,0,0,0,0,0,0,0,0,0,0,0,0,0,0,0,0,0,0,0,0,0,0,0,0,0,0,0,0,0,0,0,0,0,0,0,0,0,0,0,0,0,0,0,0,0,0,0,0,0,0,0,0,0,0,0,0,0,0,0,0,0,0,0,0,0,0,0,0,0,0,0,0,0,0,0,0,0,0,0,0,0,0,0.42,0.46,0.61,0.72,0.62,0.84,1,0.59,0.7,0.8,0.95,0.98,1.06,0.94,0.78,0.85,0.86,0.88,0.93,0.97,1.1,1.43,0.78,0.79,0.91,0.97,1.01,1.41,1.57,0.76,1.01,1.05,1.22,0.67,1.1,1.03,1.04,1.12,1.06,1.02,1.23,1.28,1.53,1.6,1.72,1.05,1.09,1.12,1.22,1.23,1.34,1.48,1.67,1.2,1.44,1.56,1.18,1.56,1.68,1.09,1.37,1.5,1.64,1.16,1.3,1.6,1.61,1.66,1.74,1.76,1.81,1.19,1.42,1.8,1.8,2.01,1.22,1.42,1.52,1.69,1.72,1.81,1.92,1.93,1.96,0.29,1.01,1.63,1.69,1.76,2.24,1.81,1.93,2.09,1.73,2.08,2.18,2.42,1.88,2.32,2.7,1.64,1.7,0,0,0,0,0,0,0,0,0,0,0,0,0,0,0,0,0,0,0,0,0,0,0,0,0,0,0,0,0,0,0,0,0,0,0,0,0,0,0,0,0,0,0,0,0,0,0,0,0,0,0,0,0,0,0,0,0,0,0,0,0,0,0,0,0,0,0,0,0,0,0,0,0,0,0,0,0,0,0,0,0,0,0,0,0,0,0,0,0,0,0,0,0,0,0,0,0,0
201,1,2,112,Grid,61,61,61,61,65,67,65,65,67,67,69,69,69,65,67,61,63,71,61,69,65,67,69,71,67,67,69,69,67,63,69,69,65,69,69,65,71,69,69,69,65,61,69,69,67,67,71,69,61,67,69,69,67,67,71,65,67,71,69,0,0,0,0,0,0,0,0,0,0,0,0,0,0,0,0,0,0,0,0,0,0,0,0,0,0,0,0,0,0,0,0,0,0,0,0,0,0,0,0,0,0,0,0,0,0,0,0,0,0,0,0,0,0,0,0,0,0,0,0,0,0,0,0,0,0,0,0,0,0,0,0,0,0,0,0,0,0,0,0,0,0,0,0,0,0,0,0,0,0,0,0,0,0,0,0,0,0,0,0,0,0,0,0,0,0,0,0,0,0,0,0,0,0,0,0,0,0,0,0,0,0,0,0,0,0,0,0,0,0,0,0,0,0,0,0,0,0,0,0,30.5,43.2,45.7,48.3,50.8,55.9,58.4,58.4,61,61,63.5,63.5,63.5,66,66,66,67.3,68.6,68.6,68.6,68.6,71.1,71.1,73.7,78.7,81.3,81.3,81.3,83.8,83.8,83.8,86.4,86.4,86.4,88.9,88.9,91.4,91.4,94,94,94,94,94,94,95.3,96.5,99.1,99.1,99.1,101.6,101.6,104.1,104.1,106.7,106.7,106.7,111.8,111.8,114.3,0,0,0,0,0,0,0,0,0,0,0,0,0,0,0,0,0,0,0,0,0,0,0,0,0,0,0,0,0,0,0,0,0,0,0,0,0,0,0,0,0,0,0,0,0,0,0,0,0,0,0,0,0,0,0,0,0,0,0,0,0,0,0,0,0,0,0,0,0,0,0,0,0,0,0,0,0,0,0,0,0,0,0,0,0,0,0,0,0,0,0,0,0,0,0,0,0,0,0,0,0,0,0,0,0,0,0,0,0,0,0,0,0,0,0,0,0,0,0,0,0,0,0,0,0,0,0,0,0,0,0,0,0,0,0,0,0.36,0.4,0.58,0.58,0.75,0.88,0.76,0.97,0.48,1.08,0.56,0.88,0.96,0.54,0.71,1,1.2,1.08,1.16,1.2,1.27,1.05,1.61,1.35,1.48,1.29,1.3,1.67,1.33,1.41,1.8,1.36,1.39,1.62,1.3,1.58,1.64,2.04,1.48,1.6,1.7,1.87,1.96,2.06,1.67,1.67,1.44,1.64,2.23,1.87,2.15,1.73,1.81,1.97,2.36,2.39,1.97,2.03,2.21,0,0,0,0,0,0,0,0,0,0,0,0,0,0,0,0,0,0,0,0,0,0,0,0,0,0,0,0,0,0,0,0,0,0,0,0,0,0,0,0,0,0,0,0,0,0,0,0,0,0,0,0,0,0,0,0,0,0,0,0,0,0,0,0,0,0,0,0,0,0,0,0,0,0,0,0,0,0,0,0,0,0,0,0,0,0,0,0,0,0,0,0,0,0,0,0,0,0,0,0,0,0,0,0,0,0,0,0,0,0,0,0,0,0,0,0,0,0,0,0,0,0,0,0,0,0,0,0,0,0,0,0,0,0,0,0,0,0,0,0,0,0
202,1,2,168,Row,61,59,65,69,61,65,61,65,69,69,61,69,69,65,63,65,65,63,63,63,67,63,65,65,67,63,65,65,69,65,67,67,65,65,69,65,65,65,59,63,69,67,69,69,65,65,69,69,69,67,69,69,71,69,69,69,63,69,65,69,65,69,63,65,69,65,65,67,67,69,67,67,69,67,65,67,67,67,63,67,63,69,69,67,67,67,69,69,69,69,63,69,67,69,69,69,67,65,69,69,65,69,69,69,65,69,69,59,69,69,65,65,67,65,65,67,69,67,71,65,69,69,67,69,65,67,69,67,69,69,65,67,65,69,71,65,0,0,0,0,0,0,0,0,0,0,0,0,0,0,0,0,0,0,0,0,0,0,0,0,0,0,0,0,0,0,0,0,0,0,0,0,0,0,0,0,0,0,0,0,0,0,0,0,0,0,0,0,0,0,0,0,0,0,0,0,0,0,0,38.1,38.1,43.2,48.3,50.8,50.8,53.3,53.3,53.3,55.9,55.9,61,61,61,61,63.5,66,66,66,66,66,68.6,68.6,68.6,68.6,68.6,68.6,68.6,68.6,71.1,71.1,71.1,71.1,71.1,71.1,71.1,73.7,73.7,73.7,73.7,73.7,73.7,73.7,73.7,73.7,73.7,73.7,73.7,76.2,76.2,76.2,76.2,76.2,76.2,76.2,76.2,78.7,78.7,78.7,78.7,80,81.3,81.3,81.3,81.3,81.3,81.3,81.3,81.3,83.8,83.8,83.8,83.8,83.8,83.8,83.8,83.8,83.8,83.8,86.4,86.4,86.4,86.4,86.4,86.4,86.4,86.4,86.4,86.4,86.4,88.9,88.9,88.9,91.4,91.4,91.4,91.4,91.4,91.4,91.4,92.7,92.7,94,94,94,94,94,94,94,94,94,96.5,96.5,96.5,96.5,96.5,99.1,99.1,99.1,99.1,101.6,101.6,101.6,101.6,104.1,104.1,104.1,104.1,104.1,104.1,104.1,109.2,109.2,111.8,114.3,116.8,0,0,0,0,0,0,0,0,0,0,0,0,0,0,0,0,0,0,0,0,0,0,0,0,0,0,0,0,0,0,0,0,0,0,0,0,0,0,0,0,0,0,0,0,0,0,0,0,0,0,0,0,0,0,0,0,0,0,0,0.58,0.67,0.73,0.45,0.55,1.21,0.63,0.68,1.13,0.72,0.85,0.56,0.73,1.03,1.1,1.22,0.82,0.85,0.97,1.1,1.11,1.06,1.07,1.14,1.15,1.18,1.18,1.23,1.31,0.65,0.98,1.06,1.12,1.19,1.21,1.38,1.04,1.07,1.09,1.1,1.16,1.19,1.19,1.2,1.27,1.3,1.38,1.53,1.06,1.15,1.22,1.22,1.4,1.47,1.54,1.57,0.94,1.1,1.75,1.94,1.18,1.18,1.25,1.28,1.3,1.46,1.56,1.64,1.74,1.02,1.15,1.21,1.23,1.25,1.29,1.32,1.48,1.52,1.69,1.17,1.33,1.35,1.38,1.4,1.4,1.49,1.55,1.6,1.62,1.63,1.25,1.66,1.71,1.02,1.23,1.35,1.46,1.47,1.48,1.55,1.59,1.71,1.52,1.61,1.71,1.8,1.85,1.88,1.9,1.9,2.34,1.45,1.51,1.86,2.06,2.34,1.58,1.9,2.05,2.07,1.43,1.83,2.04,2.29,1.74,1.93,1.94,1.95,2.26,2.31,2.37,2.15,2.24,2.59,2.93,3.11,0,0,0,0,0,0,0,0,0,0,0,0,0,0,0,0,0,0,0,0,0,0,0,0,0,0,0,0,0,0,0,0,0,0,0,0,0,0,0,0,0,0,0,0,0,0,0,0,0,0,0,0,0,0,0,0,0,0,0,0,0,0,0,0,0
203,1,2,112,Row,25,61,61,61,61,63,61,61,65,65,63,59,61,61,61,63,61,61,65,61,61,61,61,61,61,61,63,69,59,61,63,65,69,63,61,61,67,61,61,61,67,69,63,65,63,67,61,65,61,63,65,65,61,67,69,67,65,0,0,0,0,0,0,0,0,0,0,0,0,0,0,0,0,0,0,0,0,0,0,0,0,0,0,0,0,0,0,0,0,0,0,0,0,0,0,0,0,0,0,0,0,0,0,0,0,0,0,0,0,0,0,0,0,0,0,0,0,0,0,0,0,0,0,0,0,0,0,0,0,0,0,0,0,0,0,0,0,0,0,0,0,0,0,0,0,0,0,0,0,0,0,0,0,0,0,0,0,0,0,0,0,0,0,0,0,0,0,0,0,0,0,0,0,0,0,0,0,0,0,0,0,0,0,0,0,0,0,0,0,0,0,0,0,0,0,0,0,0,0,17.8,35.6,45.7,48.3,48.3,53.3,55.9,58.4,58.4,61,61,68.6,68.6,68.6,68.6,71.1,71.1,71.1,71.1,73.7,73.7,73.7,78.7,78.7,81.3,83.8,83.8,83.8,86.4,88.9,88.9,88.9,88.9,91.4,94,94,96.5,96.5,96.5,99.1,99.1,99.1,100.3,101.6,101.6,101.6,101.6,104.1,104.1,104.1,104.1,104.1,106.7,111.8,111.8,116.8,142.2,0,0,0,0,0,0,0,0,0,0,0,0,0,0,0,0,0,0,0,0,0,0,0,0,0,0,0,0,0,0,0,0,0,0,0,0,0,0,0,0,0,0,0,0,0,0,0,0,0,0,0,0,0,0,0,0,0,0,0,0,0,0,0,0,0,0,0,0,0,0,0,0,0,0,0,0,0,0,0,0,0,0,0,0,0,0,0,0,0,0,0,0,0,0,0,0,0,0,0,0,0,0,0,0,0,0,0,0,0,0,0,0,0,0,0,0,0,0,0,0,0,0,0,0,0,0,0,0,0,0,0,0,0,0,0,0,0,0,0.41,0.77,0.71,0.7,0.78,0.77,0.93,1.2,2.62,1.19,1.32,1.24,1.25,1.33,1.45,1.27,1.31,1.41,1.44,1.37,1.9,2.08,1.69,1.75,2.18,1.36,1.75,1.78,1.76,1.72,1.72,1.89,1.91,1.71,1.52,2.01,1.94,2.11,2.23,2.01,2.31,2.35,2.12,1.88,2.27,2.33,2.56,1.98,2.05,2.1,2.32,2.41,2.54,2.58,2.72,2.92,2.93,0,0,0,0,0,0,0,0,0,0,0,0,0,0,0,0,0,0,0,0,0,0,0,0,0,0,0,0,0,0,0,0,0,0,0,0,0,0,0,0,0,0,0,0,0,0,0,0,0,0,0,0,0,0,0,0,0,0,0,0,0,0,0,0,0,0,0,0,0,0,0,0,0,0,0,0,0,0,0,0,0,0,0,0,0,0,0,0,0,0,0,0,0,0,0,0,0,0,0,0,0,0,0,0,0,0,0,0,0,0,0,0,0,0,0,0,0,0,0,0,0,0,0,0,0,0,0,0,0,0,0,0,0,0,0,0,0,0,0,0,0,0,0,0
204,1,2,56,Row,61,63,61,63,61,65,69,67,63,65,61,63,65,65,69,69,65,69,63,65,65,69,61,65,69,69,65,65,63,67,67,67,63,67,69,65,69,69,61,67,69,69,67,65,69,0,0,0,0,0,0,0,0,0,0,0,0,0,0,0,0,0,0,0,0,0,0,0,0,0,0,0,0,0,0,0,0,0,0,0,0,0,0,0,0,0,0,0,0,0,0,0,0,0,0,0,0,0,0,0,0,0,0,0,0,0,0,0,0,0,0,0,0,0,0,0,0,0,0,0,0,0,0,0,0,0,0,0,0,0,0,0,0,0,0,0,0,0,0,0,0,0,0,0,0,0,0,0,0,0,0,0,0,0,0,0,0,0,0,0,0,0,0,0,0,0,0,0,0,0,0,0,0,0,0,0,0,0,0,0,0,0,0,0,0,0,0,0,0,0,0,0,0,0,0,0,0,0,0,30.5,38.1,55.9,55.9,58.4,68.6,73.7,76.2,76.2,78.7,78.7,81.3,81.3,83.8,83.8,86.4,87.6,88.9,88.9,91.4,91.4,91.4,94,94,96.5,96.5,96.5,96.5,96.5,96.5,96.5,99.1,99.1,101.6,101.6,104.1,106.7,106.7,106.7,109.2,111.8,111.8,121.9,124.5,124.5,0,0,0,0,0,0,0,0,0,0,0,0,0,0,0,0,0,0,0,0,0,0,0,0,0,0,0,0,0,0,0,0,0,0,0,0,0,0,0,0,0,0,0,0,0,0,0,0,0,0,0,0,0,0,0,0,0,0,0,0,0,0,0,0,0,0,0,0,0,0,0,0,0,0,0,0,0,0,0,0,0,0,0,0,0,0,0,0,0,0,0,0,0,0,0,0,0,0,0,0,0,0,0,0,0,0,0,0,0,0,0,0,0,0,0,0,0,0,0,0,0,0,0,0,0,0,0,0,0,0,0,0,0,0,0,0,0,0,0,0,0,0,0,0,0,0,0,0,0,0,0.41,0.23,0.76,0.87,0.91,1.53,1.37,1.44,2.25,1.61,1.81,1.68,1.97,1.6,2.15,1.59,1.59,1.59,2.3,1.43,2.08,2.21,1.16,2.25,1.34,1.69,1.93,2.07,2.13,2.22,2.48,2.03,2.41,2.45,2.92,2.5,2.41,2.85,2.92,2.66,2.46,2.81,2.98,3.12,3.28,0,0,0,0,0,0,0,0,0,0,0,0,0,0,0,0,0,0,0,0,0,0,0,0,0,0,0,0,0,0,0,0,0,0,0,0,0,0,0,0,0,0,0,0,0,0,0,0,0,0,0,0,0,0,0,0,0,0,0,0,0,0,0,0,0,0,0,0,0,0,0,0,0,0,0,0,0,0,0,0,0,0,0,0,0,0,0,0,0,0,0,0,0,0,0,0,0,0,0,0,0,0,0,0,0,0,0,0,0,0,0,0,0,0,0,0,0,0,0,0,0,0,0,0,0,0,0,0,0,0,0,0,0,0,0,0,0,0,0,0,0,0,0,0,0,0,0,0,0,0,0,0,0,0,0,0
206,1,2,56,Grid,25,25,61,61,59,61,61,61,67,61,61,61,61,61,61,61,63,63,61,61,63,59,65,61,61,63,61,61,61,61,61,61,61,65,61,69,67,63,63,61,67,67,63,61,63,67,0,0,0,0,0,0,0,0,0,0,0,0,0,0,0,0,0,0,0,0,0,0,0,0,0,0,0,0,0,0,0,0,0,0,0,0,0,0,0,0,0,0,0,0,0,0,0,0,0,0,0,0,0,0,0,0,0,0,0,0,0,0,0,0,0,0,0,0,0,0,0,0,0,0,0,0,0,0,0,0,0,0,0,0,0,0,0,0,0,0,0,0,0,0,0,0,0,0,0,0,0,0,0,0,0,0,0,0,0,0,0,0,0,0,0,0,0,0,0,0,0,0,0,0,0,0,0,0,0,0,0,0,0,0,0,0,0,0,0,0,0,0,0,0,0,0,0,0,0,0,0,0,0,17.8,20.3,30.5,38.1,38.1,43.2,50.8,50.8,55.9,55.9,55.9,55.9,58.4,58.4,63.5,71.1,76.2,76.2,76.2,78.7,78.7,81.3,83.8,86.4,86.4,88.9,91.4,91.4,94,94,94,96.5,99.1,101.6,101.6,104.1,111.8,111.8,114.3,116.8,119.4,121.9,127,129.5,132.1,134.6,0,0,0,0,0,0,0,0,0,0,0,0,0,0,0,0,0,0,0,0,0,0,0,0,0,0,0,0,0,0,0,0,0,0,0,0,0,0,0,0,0,0,0,0,0,0,0,0,0,0,0,0,0,0,0,0,0,0,0,0,0,0,0,0,0,0,0,0,0,0,0,0,0,0,0,0,0,0,0,0,0,0,0,0,0,0,0,0,0,0,0,0,0,0,0,0,0,0,0,0,0,0,0,0,0,0,0,0,0,0,0,0,0,0,0,0,0,0,0,0,0,0,0,0,0,0,0,0,0,0,0,0,0,0,0,0,0,0,0,0,0,0,0,0,0,0,0,0,0,0.26,0.74,0.54,1.16,0.56,1.05,1.42,0.89,1.06,1.08,1.4,0.92,1.11,1.63,1.6,1.14,1.79,1.98,1.35,1.5,2.18,1.77,1.85,2,2.29,2.34,2.58,1.77,2.19,2.4,2.19,1.52,2.45,2.76,1.9,3.56,3.59,3.19,2.82,3,2.79,3.85,3.31,3.57,3.54,0,0,0,0,0,0,0,0,0,0,0,0,0,0,0,0,0,0,0,0,0,0,0,0,0,0,0,0,0,0,0,0,0,0,0,0,0,0,0,0,0,0,0,0,0,0,0,0,0,0,0,0,0,0,0,0,0,0,0,0,0,0,0,0,0,0,0,0,0,0,0,0,0,0,0,0,0,0,0,0,0,0,0,0,0,0,0,0,0,0,0,0,0,0,0,0,0,0,0,0,0,0,0,0,0,0,0,0,0,0,0,0,0,0,0,0,0,0,0,0,0,0,0,0,0,0,0,0,0,0,0,0,0,0,0,0,0,0,0,0,0,0,0,0,0,0,0,0,0,0,0,0,0,0,0,0
207,1,2,28,Row,25,25,25,61,63,67,65,63,67,63,65,61,65,65,61,63,63,65,61,63,63,67,61,67,63,65,63,65,63,63,67,0,0,0,0,0,0,0,0,0,0,0,0,0,0,0,0,0,0,0,0,0,0,0,0,0,0,0,0,0,0,0,0,0,0,0,0,0,0,0,0,0,0,0,0,0,0,0,0,0,0,0,0,0,0,0,0,0,0,0,0,0,0,0,0,0,0,0,0,0,0,0,0,0,0,0,0,0,0,0,0,0,0,0,0,0,0,0,0,0,0,0,0,0,0,0,0,0,0,0,0,0,0,0,0,0,0,0,0,0,0,0,0,0,0,0,0,0,0,0,0,0,0,0,0,0,0,0,0,0,0,0,0,0,0,0,0,0,0,0,0,0,0,0,0,0,0,0,0,0,0,0,0,0,0,0,0,0,0,0,0,0,0,0,0,0,0,0,0,15.2,17.8,25.4,73.7,81.3,81.3,86.4,91.4,94,94,94,96.5,96.5,104.1,104.1,104.1,104.1,106.7,109.2,111.8,111.8,111.8,111.8,111.8,116.8,116.8,116.8,116.8,116.8,124.5,129.5,0,0,0,0,0,0,0,0,0,0,0,0,0,0,0,0,0,0,0,0,0,0,0,0,0,0,0,0,0,0,0,0,0,0,0,0,0,0,0,0,0,0,0,0,0,0,0,0,0,0,0,0,0,0,0,0,0,0,0,0,0,0,0,0,0,0,0,0,0,0,0,0,0,0,0,0,0,0,0,0,0,0,0,0,0,0,0,0,0,0,0,0,0,0,0,0,0,0,0,0,0,0,0,0,0,0,0,0,0,0,0,0,0,0,0,0,0,0,0,0,0,0,0,0,0,0,0,0,0,0,0,0,0,0,0,0,0,0,0,0,0,0,0,0,0,0,0,0,0,0,0,0,0,0,0,0,0,0,0,0,0,0,0,0,1.5,2.23,2.97,2.24,2.89,2.05,2.13,2.49,1.9,2.74,2.33,2.86,3.03,3.04,2.45,2.98,2.19,2.75,2.82,2.98,3.09,2.84,3.2,3.66,3.68,3.88,3.65,2.85,0,0,0,0,0,0,0,0,0,0,0,0,0,0,0,0,0,0,0,0,0,0,0,0,0,0,0,0,0,0,0,0,0,0,0,0,0,0,0,0,0,0,0,0,0,0,0,0,0,0,0,0,0,0,0,0,0,0,0,0,0,0,0,0,0,0,0,0,0,0,0,0,0,0,0,0,0,0,0,0,0,0,0,0,0,0,0,0,0,0,0,0,0,0,0,0,0,0,0,0,0,0,0,0,0,0,0,0,0,0,0,0,0,0,0,0,0,0,0,0,0,0,0,0,0,0,0,0,0,0,0,0,0,0,0,0,0,0,0,0,0,0,0,0,0,0,0,0,0,0,0,0,0,0,0,0,0,0,0,0,0,0,0,0,0,0,0,0,0,0,0,0,0
208,1,2,28,Grid,47,61,61,59,65,63,61,61,61,61,65,63,63,61,63,63,65,61,61,63,63,63,65,63,63,0,0,0,0,0,0,0,0,0,0,0,0,0,0,0,0,0,0,0,0,0,0,0,0,0,0,0,0,0,0,0,0,0,0,0,0,0,0,0,0,0,0,0,0,0,0,0,0,0,0,0,0,0,0,0,0,0,0,0,0,0,0,0,0,0,0,0,0,0,0,0,0,0,0,0,0,0,0,0,0,0,0,0,0,0,0,0,0,0,0,0,0,0,0,0,0,0,0,0,0,0,0,0,0,0,0,0,0,0,0,0,0,0,0,0,0,0,0,0,0,0,0,0,0,0,0,0,0,0,0,0,0,0,0,0,0,0,0,0,0,0,0,0,0,0,0,0,0,0,0,0,0,0,0,0,0,0,0,0,0,0,0,0,0,0,0,0,0,0,0,0,0,0,0,33,48.3,66,91.4,94,96.5,99.1,101.6,101.6,104.1,106.7,106.7,106.7,106.7,109.2,109.2,109.2,109.2,111.8,111.8,116.8,116.8,119.4,121.9,127,0,0,0,0,0,0,0,0,0,0,0,0,0,0,0,0,0,0,0,0,0,0,0,0,0,0,0,0,0,0,0,0,0,0,0,0,0,0,0,0,0,0,0,0,0,0,0,0,0,0,0,0,0,0,0,0,0,0,0,0,0,0,0,0,0,0,0,0,0,0,0,0,0,0,0,0,0,0,0,0,0,0,0,0,0,0,0,0,0,0,0,0,0,0,0,0,0,0,0,0,0,0,0,0,0,0,0,0,0,0,0,0,0,0,0,0,0,0,0,0,0,0,0,0,0,0,0,0,0,0,0,0,0,0,0,0,0,0,0,0,0,0,0,0,0,0,0,0,0,0,0,0,0,0,0,0,0,0,0,0,0,0,0,0,0,0,0,0,0,0,2.08,0.72,1.82,2.87,2.56,2.77,2.19,2.41,2.64,3.42,2.71,2.78,3.04,3.82,2.36,2.58,3,3.05,2.55,2.94,2.98,3.13,3.98,2.86,2.87,0,0,0,0,0,0,0,0,0,0,0,0,0,0,0,0,0,0,0,0,0,0,0,0,0,0,0,0,0,0,0,0,0,0,0,0,0,0,0,0,0,0,0,0,0,0,0,0,0,0,0,0,0,0,0,0,0,0,0,0,0,0,0,0,0,0,0,0,0,0,0,0,0,0,0,0,0,0,0,0,0,0,0,0,0,0,0,0,0,0,0,0,0,0,0,0,0,0,0,0,0,0,0,0,0,0,0,0,0,0,0,0,0,0,0,0,0,0,0,0,0,0,0,0,0,0,0,0,0,0,0,0,0,0,0,0,0,0,0,0,0,0,0,0,0,0,0,0,0,0,0,0,0,0,0,0,0,0,0,0,0,0,0,0,0,0,0,0,0,0,0,0,0,0,0,0
209,1,2,168,Grid,61,61,61,61,61,61,61,69,61,61,61,61,61,69,65,61,61,65,61,67,61,65,65,65,61,69,69,67,67,61,61,61,69,67,63,65,63,67,69,61,69,69,69,69,61,61,61,65,61,61,65,69,69,61,61,61,61,61,71,59,69,69,61,61,65,61,65,69,65,67,69,61,61,69,69,61,61,67,69,69,67,65,61,69,69,61,69,69,69,69,69,65,69,69,69,69,69,69,65,69,69,61,69,69,67,69,69,69,69,67,61,69,67,69,69,65,61,67,61,67,67,69,63,69,0,0,0,0,0,0,0,0,0,0,0,0,0,0,0,0,0,0,0,0,0,0,0,0,0,0,0,0,0,0,0,0,0,0,0,0,0,0,0,0,0,0,0,0,0,0,0,0,0,0,0,0,0,0,0,0,0,0,0,0,0,0,0,0,0,0,0,0,0,0,0,0,0,0,0,35.6,38.1,40.6,40.6,43.2,45.7,45.7,45.7,50.8,53.3,53.3,55.9,55.9,55.9,58.4,58.4,61,61,66,66,66,68.6,68.6,68.6,68.6,68.6,68.6,69.9,73.7,73.7,76.2,76.2,76.2,78.7,78.7,78.7,78.7,78.7,80,80,81.3,81.3,81.3,81.3,81.3,83.8,83.8,83.8,83.8,83.8,83.8,83.8,83.8,83.8,83.8,83.8,83.8,83.8,85.1,86.4,86.4,86.4,86.4,86.4,86.4,86.4,86.4,86.4,88.9,88.9,88.9,88.9,88.9,88.9,88.9,88.9,88.9,88.9,91.4,91.4,91.4,91.4,91.4,91.4,91.4,91.4,94,94,94,94,94,94,94,94,94,94,94,94,95.3,96.5,96.5,96.5,99.1,99.1,99.1,99.1,99.1,101.6,101.6,101.6,101.6,101.6,101.6,102.9,104.1,104.1,104.1,106.7,106.7,109.2,109.2,109.2,113,114.3,0,0,0,0,0,0,0,0,0,0,0,0,0,0,0,0,0,0,0,0,0,0,0,0,0,0,0,0,0,0,0,0,0,0,0,0,0,0,0,0,0,0,0,0,0,0,0,0,0,0,0,0,0,0,0,0,0,0,0,0,0,0,0,0,0,0,0,0,0,0,0,0.94,0.53,0.5,0.82,0.95,0.71,1.03,1.68,0.52,0.83,1.12,1.03,1.04,1.34,0.83,1.22,0.96,1.27,0.93,0.98,1.09,1.07,1.2,1.36,1.42,1.49,1.9,1.37,1.34,2.16,1.32,1.43,1.49,1.05,1.27,1.66,1.73,1.76,1.37,1.48,1.35,1.42,1.51,1.54,1.66,1.09,1.17,1.22,1.3,1.36,1.36,1.36,1.37,1.55,1.62,1.79,1.85,1.86,2.02,1.12,1.45,1.71,1.73,1.82,1.82,1.84,2.08,2.09,1.42,1.42,1.52,1.69,1.7,1.78,1.79,1.96,2.06,2.18,1.59,1.8,1.81,1.83,1.86,2,2.01,2.03,1.28,1.4,1.56,1.72,1.75,1.86,1.86,1.91,2.04,2.08,2.09,2.27,1.8,1.54,1.81,2.31,1.69,1.74,1.9,2.44,2.49,1.64,1.89,1.94,2.05,2.36,2.58,3.07,1.79,2.07,2.13,2.49,2.67,2.05,2.31,2.46,2.25,2.43,0,0,0,0,0,0,0,0,0,0,0,0,0,0,0,0,0,0,0,0,0,0,0,0,0,0,0,0,0,0,0,0,0,0,0,0,0,0,0,0,0,0,0,0,0,0,0,0,0,0,0,0,0,0,0,0,0,0,0,0,0,0,0,0,0,0,0,0,0,0,0,0,0,0,0,0,0
301,1,3,56,Grid,25,25,25,25,61,59,61,65,63,61,69,63,61,63,61,65,63,61,69,61,69,65,67,63,65,61,67,63,67,63,69,65,69,69,65,69,65,67,67,63,63,67,67,69,69,61,63,63,65,67,0,0,0,0,0,0,0,0,0,0,0,0,0,0,0,0,0,0,0,0,0,0,0,0,0,0,0,0,0,0,0,0,0,0,0,0,0,0,0,0,0,0,0,0,0,0,0,0,0,0,0,0,0,0,0,0,0,0,0,0,0,0,0,0,0,0,0,0,0,0,0,0,0,0,0,0,0,0,0,0,0,0,0,0,0,0,0,0,0,0,0,0,0,0,0,0,0,0,0,0,0,0,0,0,0,0,0,0,0,0,0,0,0,0,0,0,0,0,0,0,0,0,0,0,0,0,0,0,0,0,0,0,0,0,0,0,0,0,0,0,0,0,0,0,0,0,0,0,0,15.2,15.2,17.8,17.8,38.1,43.2,53.3,58.4,63.5,63.5,71.1,71.1,73.7,76.2,76.2,78.7,81.3,81.3,83.8,83.8,86.4,86.4,86.4,86.4,86.4,88.9,91.4,94,94,96.5,96.5,96.5,99.1,101.6,101.6,106.7,109.2,109.2,109.2,109.2,109.2,111.8,111.8,111.8,114.3,124.5,124.5,127,127,129.5,0,0,0,0,0,0,0,0,0,0,0,0,0,0,0,0,0,0,0,0,0,0,0,0,0,0,0,0,0,0,0,0,0,0,0,0,0,0,0,0,0,0,0,0,0,0,0,0,0,0,0,0,0,0,0,0,0,0,0,0,0,0,0,0,0,0,0,0,0,0,0,0,0,0,0,0,0,0,0,0,0,0,0,0,0,0,0,0,0,0,0,0,0,0,0,0,0,0,0,0,0,0,0,0,0,0,0,0,0,0,0,0,0,0,0,0,0,0,0,0,0,0,0,0,0,0,0,0,0,0,0,0,0,0,0,0,0,0,0,0,0,0,0,0,0,0.37,0.36,0.75,0.89,0.6,0.66,0.69,1.65,1.47,1.16,1.64,1.26,1.77,1.78,1.35,1.38,1.33,1.5,1.76,1.81,1.94,1.99,1.48,1.93,2.93,1.74,1.83,2.27,2.73,1.68,2.25,1.73,2.25,2.28,2.29,2.54,2.82,2.02,2.65,2.71,1.94,2.51,3.44,3.2,3.59,3.16,0,0,0,0,0,0,0,0,0,0,0,0,0,0,0,0,0,0,0,0,0,0,0,0,0,0,0,0,0,0,0,0,0,0,0,0,0,0,0,0,0,0,0,0,0,0,0,0,0,0,0,0,0,0,0,0,0,0,0,0,0,0,0,0,0,0,0,0,0,0,0,0,0,0,0,0,0,0,0,0,0,0,0,0,0,0,0,0,0,0,0,0,0,0,0,0,0,0,0,0,0,0,0,0,0,0,0,0,0,0,0,0,0,0,0,0,0,0,0,0,0,0,0,0,0,0,0,0,0,0,0,0,0,0,0,0,0,0,0,0,0,0,0,0,0,0,0,0,0,0,0,0,0,0,0
302,1,3,28,Grid,25,25,25,30,65,59,63,61,59,61,61,61,61,65,65,63,67,61,65,61,67,61,65,67,63,69,69,61,63,69,61,65,67,67,63,67,0,0,0,0,0,0,0,0,0,0,0,0,0,0,0,0,0,0,0,0,0,0,0,0,0,0,0,0,0,0,0,0,0,0,0,0,0,0,0,0,0,0,0,0,0,0,0,0,0,0,0,0,0,0,0,0,0,0,0,0,0,0,0,0,0,0,0,0,0,0,0,0,0,0,0,0,0,0,0,0,0,0,0,0,0,0,0,0,0,0,0,0,0,0,0,0,0,0,0,0,0,0,0,0,0,0,0,0,0,0,0,0,0,0,0,0,0,0,0,0,0,0,0,0,0,0,0,0,0,0,0,0,0,0,0,0,0,0,0,0,0,0,0,0,0,0,0,0,0,0,0,0,0,0,0,0,0,0,0,0,0,0,0,15.2,20.3,20.3,25.4,53.3,73.7,83.8,86.4,86.4,91.4,94,99.1,99.1,101.6,109.2,111.8,111.8,114.3,114.3,116.8,116.8,119.4,121.9,121.9,121.9,121.9,124.5,124.5,124.5,127,129.5,132.1,134.6,139.7,139.7,154.9,0,0,0,0,0,0,0,0,0,0,0,0,0,0,0,0,0,0,0,0,0,0,0,0,0,0,0,0,0,0,0,0,0,0,0,0,0,0,0,0,0,0,0,0,0,0,0,0,0,0,0,0,0,0,0,0,0,0,0,0,0,0,0,0,0,0,0,0,0,0,0,0,0,0,0,0,0,0,0,0,0,0,0,0,0,0,0,0,0,0,0,0,0,0,0,0,0,0,0,0,0,0,0,0,0,0,0,0,0,0,0,0,0,0,0,0,0,0,0,0,0,0,0,0,0,0,0,0,0,0,0,0,0,0,0,0,0,0,0,0,0,0,0,0,0,0,0,0,0,0,0,0,0,0,0,0,0,0,0,0.55,0.69,1.32,1.83,2.66,1.68,1.82,2.41,2.63,2.69,2.04,2.91,3.34,3.04,3.08,2.64,2.66,2.42,2.78,3.11,3.52,3.82,2.81,3.41,3.45,3.28,3.31,3.04,3.69,4.17,4.32,4.06,0,0,0,0,0,0,0,0,0,0,0,0,0,0,0,0,0,0,0,0,0,0,0,0,0,0,0,0,0,0,0,0,0,0,0,0,0,0,0,0,0,0,0,0,0,0,0,0,0,0,0,0,0,0,0,0,0,0,0,0,0,0,0,0,0,0,0,0,0,0,0,0,0,0,0,0,0,0,0,0,0,0,0,0,0,0,0,0,0,0,0,0,0,0,0,0,0,0,0,0,0,0,0,0,0,0,0,0,0,0,0,0,0,0,0,0,0,0,0,0,0,0,0,0,0,0,0,0,0,0,0,0,0,0,0,0,0,0,0,0,0,0,0,0,0,0,0,0,0,0,0,0,0,0,0,0,0,0,0,0,0,0,0,0,0,0,0,0,0
303,1,3,112,Row,61,59,63,59,65,65,61,63,61,61,69,61,61,61,59,65,65,63,61,63,65,63,65,63,61,63,69,63,69,65,63,69,63,67,67,67,69,67,61,61,65,67,65,61,65,63,69,61,63,69,67,69,69,59,65,67,67,65,67,67,67,37,63,69,0,0,0,0,0,0,0,0,0,0,0,0,0,0,0,0,0,0,0,0,0,0,0,0,0,0,0,0,0,0,0,0,0,0,0,0,0,0,0,0,0,0,0,0,0,0,0,0,0,0,0,0,0,0,0,0,0,0,0,0,0,0,0,0,0,0,0,0,0,0,0,0,0,0,0,0,0,0,0,0,0,0,0,0,0,0,0,0,0,0,0,0,0,0,0,0,0,0,0,0,0,0,0,0,0,0,0,0,0,0,0,0,0,0,0,0,0,0,0,0,0,0,0,0,0,0,0,0,0,0,0,0,0,0,0,35.6,43.2,43.2,58.4,58.4,58.4,61,61,63.5,66,73.7,76.2,78.7,81.3,83.8,83.8,86.4,86.4,88.9,88.9,88.9,88.9,91.4,91.4,91.4,91.4,94,94,94,94,94,94,96.5,96.5,96.5,96.5,96.5,99.1,99.1,101.6,101.6,104.1,104.1,104.1,106.7,106.7,106.7,106.7,106.7,109.2,109.2,109.2,111.8,111.8,114.3,114.3,114.3,116.8,116.8,116.8,116.8,116.8,124.5,124.5,0,0,0,0,0,0,0,0,0,0,0,0,0,0,0,0,0,0,0,0,0,0,0,0,0,0,0,0,0,0,0,0,0,0,0,0,0,0,0,0,0,0,0,0,0,0,0,0,0,0,0,0,0,0,0,0,0,0,0,0,0,0,0,0,0,0,0,0,0,0,0,0,0,0,0,0,0,0,0,0,0,0,0,0,0,0,0,0,0,0,0,0,0,0,0,0,0,0,0,0,0,0,0,0,0,0,0,0,0,0,0,0,0,0,0,0,0,0,0,0,0,0,0,0,0,0,0,0,0,0,0,0.47,0.77,0.96,0.79,0.86,1.61,0.84,0.99,0.57,0.79,1.09,1.08,1.02,1.48,1.22,1.22,1.59,1.77,1.41,1.65,1.83,2.19,1.47,1.49,1.53,1.83,1.68,1.71,1.71,1.8,1.82,1.88,1.37,1.81,1.93,1.96,2.08,1.72,2.03,1.48,2.24,1.56,1.78,2.12,1.73,1.78,1.94,2.1,2.378,1.96,2.08,2.15,1.96,2.89,1.97,2.49,2.66,2.46,2.58,2.59,2.6,3.15,2.87,3.56,0,0,0,0,0,0,0,0,0,0,0,0,0,0,0,0,0,0,0,0,0,0,0,0,0,0,0,0,0,0,0,0,0,0,0,0,0,0,0,0,0,0,0,0,0,0,0,0,0,0,0,0,0,0,0,0,0,0,0,0,0,0,0,0,0,0,0,0,0,0,0,0,0,0,0,0,0,0,0,0,0,0,0,0,0,0,0,0,0,0,0,0,0,0,0,0,0,0,0,0,0,0,0,0,0,0,0,0,0,0,0,0,0,0,0,0,0,0,0,0,0,0,0,0,0,0,0,0,0,0,0,0,0,0,0,0,0
304,1,3,28,Row,25,25,61,59,63,61,59,61,61,61,61,67,61,65,67,69,61,63,61,61,61,25,0,0,0,0,0,0,0,0,0,0,0,0,0,0,0,0,0,0,0,0,0,0,0,0,0,0,0,0,0,0,0,0,0,0,0,0,0,0,0,0,0,0,0,0,0,0,0,0,0,0,0,0,0,0,0,0,0,0,0,0,0,0,0,0,0,0,0,0,0,0,0,0,0,0,0,0,0,0,0,0,0,0,0,0,0,0,0,0,0,0,0,0,0,0,0,0,0,0,0,0,0,0,0,0,0,0,0,0,0,0,0,0,0,0,0,0,0,0,0,0,0,0,0,0,0,0,0,0,0,0,0,0,0,0,0,0,0,0,0,0,0,0,0,0,0,0,0,0,0,0,0,0,0,0,0,0,0,0,0,0,0,0,0,0,0,0,0,0,0,0,0,0,0,0,0,0,0,17.8,22.9,53.3,58.4,78.7,78.7,94,94,99.1,99.1,101.6,109.2,109.2,109.2,111.8,114.3,114.3,114.3,116.8,121.9,124.5,188,0,0,0,0,0,0,0,0,0,0,0,0,0,0,0,0,0,0,0,0,0,0,0,0,0,0,0,0,0,0,0,0,0,0,0,0,0,0,0,0,0,0,0,0,0,0,0,0,0,0,0,0,0,0,0,0,0,0,0,0,0,0,0,0,0,0,0,0,0,0,0,0,0,0,0,0,0,0,0,0,0,0,0,0,0,0,0,0,0,0,0,0,0,0,0,0,0,0,0,0,0,0,0,0,0,0,0,0,0,0,0,0,0,0,0,0,0,0,0,0,0,0,0,0,0,0,0,0,0,0,0,0,0,0,0,0,0,0,0,0,0,0,0,0,0,0,0,0,0,0,0,0,0,0,0,0,0,0,0,0,0,0,0,0,0,0,0,0,0,0,0,0,0,0.63,1.23,1.78,2.17,2.19,2.8,2.18,2.83,2.82,2.65,2.85,3.12,2.37,2.29,2.73,2.77,3.3,3.54,3.35,0,0,0,0,0,0,0,0,0,0,0,0,0,0,0,0,0,0,0,0,0,0,0,0,0,0,0,0,0,0,0,0,0,0,0,0,0,0,0,0,0,0,0,0,0,0,0,0,0,0,0,0,0,0,0,0,0,0,0,0,0,0,0,0,0,0,0,0,0,0,0,0,0,0,0,0,0,0,0,0,0,0,0,0,0,0,0,0,0,0,0,0,0,0,0,0,0,0,0,0,0,0,0,0,0,0,0,0,0,0,0,0,0,0,0,0,0,0,0,0,0,0,0,0,0,0,0,0,0,0,0,0,0,0,0,0,0,0,0,0,0,0,0,0,0,0,0,0,0,0,0,0,0,0,0,0,0,0,0,0,0,0,0,0,0,0,0,0,0,0,0,0,0,0,0,0,0,0,0,0,0,0
305,1,3,112,Grid,30,49,61,59,61,63,65,63,69,65,69,67,69,67,69,69,69,69,69,69,69,69,69,69,71,67,69,69,67,69,69,69,69,69,67,67,67,69,69,69,65,0,0,0,0,0,0,0,0,0,0,0,0,0,0,0,0,0,0,0,0,0,0,0,0,0,0,0,0,0,0,0,0,0,0,0,0,0,0,0,0,0,0,0,0,0,0,0,0,0,0,0,0,0,0,0,0,0,0,0,0,0,0,0,0,0,0,0,0,0,0,0,0,0,0,0,0,0,0,0,0,0,0,0,0,0,0,0,0,0,0,0,0,0,0,0,0,0,0,0,0,0,0,0,0,0,0,0,0,0,0,0,0,0,0,0,0,0,0,0,0,0,0,0,0,0,0,0,0,0,0,0,0,0,0,0,0,0,0,0,0,0,0,0,0,0,0,0,0,0,0,0,0,0,0,0,0,0,0,25.4,35.6,48.3,53.3,55.9,61,71.1,73.7,76.2,78.7,81.3,81.3,81.3,83.8,86.4,86.4,86.4,88.9,88.9,91.4,94,96.5,96.5,99.1,99.1,101.6,101.6,101.6,101.6,104.1,104.1,104.1,106.7,106.7,109.2,109.2,111.8,111.8,114.3,119.4,119.4,0,0,0,0,0,0,0,0,0,0,0,0,0,0,0,0,0,0,0,0,0,0,0,0,0,0,0,0,0,0,0,0,0,0,0,0,0,0,0,0,0,0,0,0,0,0,0,0,0,0,0,0,0,0,0,0,0,0,0,0,0,0,0,0,0,0,0,0,0,0,0,0,0,0,0,0,0,0,0,0,0,0,0,0,0,0,0,0,0,0,0,0,0,0,0,0,0,0,0,0,0,0,0,0,0,0,0,0,0,0,0,0,0,0,0,0,0,0,0,0,0,0,0,0,0,0,0,0,0,0,0,0,0,0,0,0,0,0,0,0,0,0,0,0,0,0,0,0,0,0,0,0,0,0,0.56,0.93,0.54,1.66,0.54,0.78,1,1.12,0.83,1.15,1.3,1.43,1.48,1.44,1.32,1.48,2.05,1,1.23,1.57,1.2,1.29,1.99,1.67,2.07,1.7,1.71,1.79,2.06,1.9,1.9,2.55,2.15,2.22,2.08,2.46,1.54,2.54,2.49,2.36,2.49,0,0,0,0,0,0,0,0,0,0,0,0,0,0,0,0,0,0,0,0,0,0,0,0,0,0,0,0,0,0,0,0,0,0,0,0,0,0,0,0,0,0,0,0,0,0,0,0,0,0,0,0,0,0,0,0,0,0,0,0,0,0,0,0,0,0,0,0,0,0,0,0,0,0,0,0,0,0,0,0,0,0,0,0,0,0,0,0,0,0,0,0,0,0,0,0,0,0,0,0,0,0,0,0,0,0,0,0,0,0,0,0,0,0,0,0,0,0,0,0,0,0,0,0,0,0,0,0,0,0,0,0,0,0,0,0,0,0,0,0,0,0,0,0,0,0,0,0,0,0,0,0,0,0,0,0,0,0,0,0
306,1,3,168,Grid,61,61,69,69,69,68,69,69,69,69,69,68,69,69,68,69,67,69,69,69,69,68,67,67,69,69,69,69,69,69,67,67,68,62,62,69,63,69,69,69,69,69,69,68,69,69,62,69,66,67,67,69,69,69,62,63,67,63,69,69,69,68,68,61,68,67,69,68,61,62,62,67,69,69,67,69,69,0,0,0,0,0,0,0,0,0,0,0,0,0,0,0,0,0,0,0,0,0,0,0,0,0,0,0,0,0,0,0,0,0,0,0,0,0,0,0,0,0,0,0,0,0,0,0,0,0,0,0,0,0,0,0,0,0,0,0,0,0,0,0,0,0,0,0,0,0,0,0,0,0,0,0,0,0,0,0,0,0,0,0,0,0,0,0,0,0,0,0,0,0,0,0,0,0,0,0,0,0,0,0,0,0,0,0,0,0,0,0,0,0,0,0,0,0,0,0,0,0,0,30.5,31.8,33,33,38.1,38.1,38.1,39.4,41.9,43.2,43.2,44.5,45.7,47,47,48.3,49.5,50.8,52.1,53.3,55.9,55.9,58.4,59.7,61,64.8,66,67.3,67.3,68.6,68.6,69.9,69.9,71.1,71.1,72.4,73.7,73.7,73.7,76.2,76.2,78.7,78.7,78.7,81.3,82.6,83.8,83.8,83.8,85.1,86.4,86.4,86.4,87.6,90.2,91.4,91.4,91.4,94,94,96.5,96.5,96.5,99.1,101.6,101.6,101.6,105.4,105.4,105.4,105.4,108,109.2,109.2,114.3,114.3,134.6,0,0,0,0,0,0,0,0,0,0,0,0,0,0,0,0,0,0,0,0,0,0,0,0,0,0,0,0,0,0,0,0,0,0,0,0,0,0,0,0,0,0,0,0,0,0,0,0,0,0,0,0,0,0,0,0,0,0,0,0,0,0,0,0,0,0,0,0,0,0,0,0,0,0,0,0,0,0,0,0,0,0,0,0,0,0,0,0,0,0,0,0,0,0,0,0,0,0,0,0,0,0,0,0,0,0,0,0,0,0,0,0,0,0,0,0,0,0,0.61,0.5,0.55,0.68,0.39,0.54,0.96,0.32,0.75,0.55,0.96,0.71,0.86,0.41,0.9,0.73,0.94,0.68,0.95,0.8,0.72,1.02,1.9,1,1.48,2.26,0.96,0.81,1.09,0.47,1.76,1.06,1.71,1.08,1.35,0.8,0.67,1.25,2.04,1.17,1.37,1.45,1.52,1.77,1.94,0.95,1.41,1.58,2.31,0.91,1.66,1.84,2.06,2.43,1.69,1.32,1.52,1.83,1.63,1.65,1.9,2.18,2.19,2.63,1.81,2.11,2.35,2.36,2.42,2.8,2.99,2.6,2.1,2.48,2.07,2.71,3.6,0,0,0,0,0,0,0,0,0,0,0,0,0,0,0,0,0,0,0,0,0,0,0,0,0,0,0,0,0,0,0,0,0,0,0,0,0,0,0,0,0,0,0,0,0,0,0,0,0,0,0,0,0,0,0,0,0,0,0,0,0,0,0,0,0,0,0,0,0,0,0,0,0,0,0,0,0,0,0,0,0,0,0,0,0,0,0,0,0,0,0,0,0,0,0,0,0,0,0,0,0,0,0,0,0,0,0,0,0,0,0,0,0,0,0,0,0,0,0,0,0,0,0,0
307,1,3,168,Row,59,59,69,61,59,65,64,61,61,59,69,61,61,65,59,61,65,69,65,69,65,63,61,61,61,61,65,63,63,63,61,69,69,63,61,63,69,65,63,65,69,61,63,61,65,63,69,61,65,63,61,65,65,69,65,61,69,63,67,69,61,65,65,69,61,69,69,69,69,61,69,63,67,69,63,69,67,69,63,65,63,65,65,67,65,69,61,69,63,61,63,69,69,65,63,67,67,63,59,69,67,63,65,67,65,69,65,65,69,63,65,65,67,69,69,69,69,69,69,67,69,69,69,67,69,65,69,69,67,67,63,69,67,67,69,65,65,67,69,69,67,69,69,69,67,69,67,69,69,63,69,67,69,67,65,0,0,0,0,0,0,0,0,0,0,0,0,0,0,0,0,0,0,0,0,0,0,0,0,0,0,0,0,0,0,0,0,0,0,0,0,0,0,0,0,0,0,0,0,27.9,35.6,35.6,40.6,40.6,45.7,45.7,50.8,53.3,55.9,58.4,58.4,58.4,58.4,58.4,61,61,63.5,63.5,63.5,63.5,63.5,66,66,66,66,66,68.6,68.6,68.6,68.6,71.1,71.1,71.1,71.1,71.1,71.1,71.1,73.7,73.7,73.7,73.7,73.7,73.7,73.7,73.7,73.7,73.7,76.2,76.2,76.2,76.2,76.2,78.7,78.7,78.7,78.7,78.7,81.3,81.3,81.3,81.3,81.3,81.3,81.3,81.3,83.8,83.8,83.8,83.8,83.8,83.8,83.8,83.8,83.8,83.8,83.8,83.8,83.8,83.8,86.4,86.4,86.4,86.4,86.4,86.4,86.4,86.4,86.4,86.4,86.4,88.9,88.9,88.9,88.9,88.9,88.9,88.9,88.9,88.9,88.9,88.9,91.4,91.4,91.4,91.4,91.4,91.4,91.4,91.4,91.4,94,94,94,94,94,94,94,94,94,96.5,96.5,96.5,96.5,99.1,99.1,99.1,99.1,99.1,99.1,99.1,99.1,99.1,99.1,99.1,101.6,101.6,101.6,101.6,101.6,104.1,104.1,104.1,104.1,106.7,106.7,106.7,106.7,109.2,109.2,109.2,109.2,111.8,116.8,116.8,0,0,0,0,0,0,0,0,0,0,0,0,0,0,0,0,0,0,0,0,0,0,0,0,0,0,0,0,0,0,0,0,0,0,0,0,0,0,0,0,0.24,0.54,0.8,0.44,0.51,0.35,0.36,0.31,0.69,0.84,0.53,0.7,0.73,0.77,0.95,0.84,0.84,0.61,0.78,0.97,1,1.14,0.55,0.98,1.04,1.16,1.22,0.62,0.62,1.02,1.37,0.69,0.75,0.82,0.94,1.1,1.18,1.92,0.54,0.58,0.81,0.86,0.86,0.94,1.04,1.09,1.16,1.18,0.8,0.91,0.99,1.02,1.2,1.02,1.11,1.19,1.34,1.44,0.87,0.94,1.08,1.11,1.16,1.2,1.39,1.52,0.89,0.93,0.93,0.97,0.99,1.08,1.2,1.24,1.26,1.33,1.36,1.56,1.7,1.82,1.17,1.26,1.3,1.38,1.44,1.44,1.63,1.65,1.69,1.73,1.75,0.73,1.01,1.12,1.19,1.28,1.36,1.37,1.51,1.57,1.61,1.65,1.17,1.23,1.25,1.37,1.39,1.4,1.54,1.58,1.68,1.2,1.23,1.3,1.33,1.36,1.38,1.43,1.7,1.88,1.44,1.6,1.66,1.84,1.24,1.36,1.4,1.51,1.59,1.65,1.7,1.72,1.73,1.73,1.77,1.42,1.53,1.55,1.56,1.81,1,1.61,1.87,2.02,1.76,1.86,2.11,2.14,1.93,2.01,2.34,2.42,2.32,2.22,2.45,0,0,0,0,0,0,0,0,0,0,0,0,0,0,0,0,0,0,0,0,0,0,0,0,0,0,0,0,0,0,0,0,0,0,0,0,0,0,0,0,0,0,0,0,0,0
308,1,3,56,Row,25,59,61,61,59,61,69,63,65,61,65,61,69,61,63,61,69,61,69,63,61,69,61,67,67,61,63,63,63,69,69,67,69,65,67,65,67,67,65,63,67,67,67,67,67,67,61,69,67,63,69,0,0,0,0,0,0,0,0,0,0,0,0,0,0,0,0,0,0,0,0,0,0,0,0,0,0,0,0,0,0,0,0,0,0,0,0,0,0,0,0,0,0,0,0,0,0,0,0,0,0,0,0,0,0,0,0,0,0,0,0,0,0,0,0,0,0,0,0,0,0,0,0,0,0,0,0,0,0,0,0,0,0,0,0,0,0,0,0,0,0,0,0,0,0,0,0,0,0,0,0,0,0,0,0,0,0,0,0,0,0,0,0,0,0,0,0,0,0,0,0,0,0,0,0,0,0,0,0,0,0,0,0,0,0,0,0,0,0,0,0,0,0,0,0,0,0,0,0,17.8,30.5,30.5,50.8,50.8,58.4,63.5,66,71.1,71.1,73.7,78.7,86.4,86.4,86.4,86.4,88.9,88.9,91.4,94,94,96.5,96.5,99.1,99.1,101.6,104.1,104.1,106.7,106.7,106.7,109.2,111.8,111.8,111.8,114.3,114.3,114.3,116.8,116.8,116.8,116.8,119.4,121.9,124.5,127,127,127,129.5,134.6,139.7,0,0,0,0,0,0,0,0,0,0,0,0,0,0,0,0,0,0,0,0,0,0,0,0,0,0,0,0,0,0,0,0,0,0,0,0,0,0,0,0,0,0,0,0,0,0,0,0,0,0,0,0,0,0,0,0,0,0,0,0,0,0,0,0,0,0,0,0,0,0,0,0,0,0,0,0,0,0,0,0,0,0,0,0,0,0,0,0,0,0,0,0,0,0,0,0,0,0,0,0,0,0,0,0,0,0,0,0,0,0,0,0,0,0,0,0,0,0,0,0,0,0,0,0,0,0,0,0,0,0,0,0,0,0,0,0,0,0,0,0,0,0,0,0,0.44,0.7,0.63,0.7,0.92,1.47,0.78,0.81,1.34,1.18,1.63,1.09,1.12,1.49,1.6,1.3,1.85,1.66,1.48,1.74,1.79,2.47,1.55,2.41,2.17,2.15,2.31,1.79,2.43,2.83,1.95,2.42,2.53,2.76,2.28,2.65,2.81,2.09,2.29,2.41,2.64,3.15,2.93,2.23,2.76,3.05,3.11,3.08,3.18,4.02,0,0,0,0,0,0,0,0,0,0,0,0,0,0,0,0,0,0,0,0,0,0,0,0,0,0,0,0,0,0,0,0,0,0,0,0,0,0,0,0,0,0,0,0,0,0,0,0,0,0,0,0,0,0,0,0,0,0,0,0,0,0,0,0,0,0,0,0,0,0,0,0,0,0,0,0,0,0,0,0,0,0,0,0,0,0,0,0,0,0,0,0,0,0,0,0,0,0,0,0,0,0,0,0,0,0,0,0,0,0,0,0,0,0,0,0,0,0,0,0,0,0,0,0,0,0,0,0,0,0,0,0,0,0,0,0,0,0,0,0,0,0,0,0,0,0,0,0,0,0,0
101,2,1,28,row,59,59,63,59,59,59,59,59,59,59,63,59,59,61,59,61,59,63,59,61,61,59,63,59,61,59,63,61,59,69,63,63,65,65,0,0,0,0,0,0,0,0,0,0,0,0,0,0,0,0,0,0,0,0,0,0,0,0,0,0,0,0,0,0,0,0,0,0,0,0,0,0,0,0,0,0,0,0,0,0,0,0,0,0,0,0,0,0,0,0,0,0,0,0,0,0,0,0,0,0,0,0,0,0,0,0,0,0,0,0,0,0,0,0,0,0,0,0,0,0,0,0,0,0,0,0,0,0,0,0,0,0,0,0,0,0,0,0,0,0,0,0,0,0,0,0,0,0,0,0,0,0,0,0,0,0,0,0,0,0,0,0,0,0,0,0,0,0,0,0,0,0,0,0,0,0,0,0,0,0,0,0,0,0,0,0,0,0,0,0,0,0,0,0,0,0,0,0,0,49.53,97.79,106.68,111.76,111.76,114.3,115.57,116.84,130.81,132.08,132.08,134.62,137.16,139.7,140.97,144.78,147.32,149.86,149.86,151.13,152.4,152.4,154.94,154.94,154.94,154.94,157.48,160.02,161.29,167.64,167.64,170.18,172.72,180.34,0,0,0,0,0,0,0,0,0,0,0,0,0,0,0,0,0,0,0,0,0,0,0,0,0,0,0,0,0,0,0,0,0,0,0,0,0,0,0,0,0,0,0,0,0,0,0,0,0,0,0,0,0,0,0,0,0,0,0,0,0,0,0,0,0,0,0,0,0,0,0,0,0,0,0,0,0,0,0,0,0,0,0,0,0,0,0,0,0,0,0,0,0,0,0,0,0,0,0,0,0,0,0,0,0,0,0,0,0,0,0,0,0,0,0,0,0,0,0,0,0,0,0,0,0,0,0,0,0,0,0,0,0,0,0,0,0,0,0,0,0,0,0,0,0,0,0,0,0,0,0,0,0,0,0,0,0,0,0,0,0,1.16,3.03,1.69,2.69,3.49,2.97,3.09,3.59,2.72,3.69,3.72,4.21,3.85,3.74,3.84,4.81,4.35,4.18,4.42,4.09,4.32,4.42,3.84,3.87,4,4.36,3.72,3.78,4.27,4.55,4.75,4.6,5.31,5.1,0,0,0,0,0,0,0,0,0,0,0,0,0,0,0,0,0,0,0,0,0,0,0,0,0,0,0,0,0,0,0,0,0,0,0,0,0,0,0,0,0,0,0,0,0,0,0,0,0,0,0,0,0,0,0,0,0,0,0,0,0,0,0,0,0,0,0,0,0,0,0,0,0,0,0,0,0,0,0,0,0,0,0,0,0,0,0,0,0,0,0,0,0,0,0,0,0,0,0,0,0,0,0,0,0,0,0,0,0,0,0,0,0,0,0,0,0,0,0,0,0,0,0,0,0,0,0,0,0,0,0,0,0,0,0,0,0,0,0,0,0,0,0,0,0,0,0,0,0,0,0,0,0,0,0,0,0,0,0,0,0,0,0,0,0,0,0
102,2,1,112,row,67,65,59,65,63,71,71,67,67,65,63,67,71,71,69,71,71,71,67,71,67,65,69,67,71,71,67,71,71,69,67,69,71,65,71,71,71,63,69,71,71,71,69,69,69,71,71,71,71,71,71,65,71,69,71,71,69,71,71,67,71,65,71,71,71,67,71,71,69,67,69,69,61,67,71,67,71,67,67,71,67,69,67,71,67,67,65,69,71,69,71,67,0,0,0,0,0,0,0,0,0,0,0,0,0,0,0,0,0,0,0,0,0,0,0,0,0,0,0,0,0,0,0,0,0,0,0,0,0,0,0,0,0,0,0,0,0,0,0,0,0,0,0,0,0,0,0,0,0,0,0,0,0,0,0,0,0,0,0,0,0,0,0,0,0,0,0,0,0,0,0,0,0,0,0,0,0,0,0,0,0,0,0,0,0,0,0,0,0,0,0,0,0,0,0,0,0,0,0,63.5,58.42,60.96,60.96,60.96,64.77,68.58,72.39,76.2,78.74,81.28,82.55,85.09,86.36,87.63,91.44,92.71,92.71,95.25,96.52,96.52,96.52,97.79,101.6,102.87,104.14,104.14,104.14,104.14,105.41,106.68,107.95,107.95,109.22,110.49,110.49,110.49,111.76,111.76,113.03,113.03,113.03,114.3,114.3,114.3,114.3,114.3,116.84,118.11,119.38,119.38,119.38,120.65,121.92,123.19,124.46,124.46,125.73,125.73,129.54,129.54,129.54,129.54,129.54,130.81,133.35,133.35,137.16,137.16,137.16,137.16,137.16,138.43,138.43,139.7,139.7,140.97,142.24,142.24,142.24,143.51,144.78,147.32,147.32,149.86,149.86,149.86,153.67,157.48,157.48,157.48,160.02,0,0,0,0,0,0,0,0,0,0,0,0,0,0,0,0,0,0,0,0,0,0,0,0,0,0,0,0,0,0,0,0,0,0,0,0,0,0,0,0,0,0,0,0,0,0,0,0,0,0,0,0,0,0,0,0,0,0,0,0,0,0,0,0,0,0,0,0,0,0,0,0,0,0,0,0,0,0,0,0,0,0,0,0,0,0,0,0,0,0,0,0,0,0,0,0,0,0,0,0,0,0,0,0.88,0.79,0.88,0.98,1.38,1.56,0.91,1.33,1.25,0.92,3.79,1.14,1.59,1.12,1.69,1.36,1.36,1.45,1.18,1.57,1.9,1.92,1.28,1.25,1.67,1.51,1.71,1.71,1.95,1.61,1.91,1.68,2.1,1.8,1.59,1.8,2.34,2.01,2.13,1.82,2.38,2.47,1.71,1.82,1.99,2.42,2.61,2.5,2.35,1.35,1.92,2.7,1.77,2.52,2.34,2.25,2.41,1.94,2.28,2.03,2.55,2.6,2.83,2.88,2.72,3.05,3.12,2.59,2.75,3.25,3.34,3.74,3.11,3.45,2.58,2.94,3.24,2.65,3.04,4,3.53,3.4,3,3.41,3.54,3.6,4.32,4,3.04,3.28,4.73,3.44,0,0,0,0,0,0,0,0,0,0,0,0,0,0,0,0,0,0,0,0,0,0,0,0,0,0,0,0,0,0,0,0,0,0,0,0,0,0,0,0,0,0,0,0,0,0,0,0,0,0,0,0,0,0,0,0,0,0,0,0,0,0,0,0,0,0,0,0,0,0,0,0,0,0,0,0,0,0,0,0,0,0,0,0,0,0,0,0,0,0,0,0,0,0,0,0,0,0,0,0,0,0,0,0,0,0,0,0,0
103,2,1,112,grid,61,59,61,61,59,61,61,61,61,59,69,63,71,69,71,71,69,69,69,69,69,69,69,69,63,71,63,69,69,65,65,71,69,69,69,69,71,69,69,71,65,67,67,65,67,71,69,69,69,69,69,69,69,69,71,69,71,67,69,71,69,67,69,67,69,69,67,67,69,71,61,71,67,71,0,0,0,0,0,0,0,0,0,0,0,0,0,0,0,0,0,0,0,0,0,0,0,0,0,0,0,0,0,0,0,0,0,0,0,0,0,0,0,0,0,0,0,0,0,0,0,0,0,0,0,0,0,0,0,0,0,0,0,0,0,0,0,0,0,0,0,0,0,0,0,0,0,0,0,0,0,0,0,0,0,0,0,0,0,0,0,0,0,0,0,0,0,0,0,0,0,0,0,0,0,0,0,0,0,0,0,0,0,0,0,0,0,0,0,0,0,0,0,0,0,0,0,0,0,49.53,50.8,52.07,55.88,63.5,73.66,73.66,74.93,81.28,83.82,86.36,96.52,96.52,97.79,97.79,99.06,104.14,104.14,104.14,104.14,105.41,109.22,110.49,110.49,111.76,111.76,111.76,113.03,113.03,114.3,115.57,115.57,116.84,118.11,119.38,119.38,120.65,120.65,121.92,121.92,121.92,121.92,121.92,123.19,124.46,125.73,127,127,128.27,129.54,129.54,129.54,130.81,130.81,132.08,132.08,133.35,135.89,137.16,137.16,138.43,138.43,139.7,139.7,142.24,144.78,144.78,144.78,144.78,146.05,148.59,149.86,154.94,166.37,0,0,0,0,0,0,0,0,0,0,0,0,0,0,0,0,0,0,0,0,0,0,0,0,0,0,0,0,0,0,0,0,0,0,0,0,0,0,0,0,0,0,0,0,0,0,0,0,0,0,0,0,0,0,0,0,0,0,0,0,0,0,0,0,0,0,0,0,0,0,0,0,0,0,0,0,0,0,0,0,0,0,0,0,0,0,0,0,0,0,0,0,0,0,0,0,0,0,0,0,0,0,0,0,0,0,0,0,0,0,0,0,0,0,0,0,0,0,0,0,0,0.55,0.98,0.56,0.56,1.34,0.93,1.54,0.95,1.22,2.73,1.2,1.34,1.36,1.06,1.79,1.19,1.55,1.82,1.83,3.3,1.54,1.92,1.59,1.67,1.38,1.83,2.17,1.62,1.82,1.74,1.68,1.75,2.19,1.95,1.51,1.62,1.96,2.14,1.58,1.95,1.99,2.02,2.15,2.08,2.52,2.54,1.99,2.18,2.26,1.88,2,2.28,2.16,2.44,1.91,2.38,2.85,2.65,2.71,3.06,2.37,3.01,2.75,3.09,2.41,2.73,2.86,2.98,3.08,3.12,3.34,2.98,3.58,3.59,0,0,0,0,0,0,0,0,0,0,0,0,0,0,0,0,0,0,0,0,0,0,0,0,0,0,0,0,0,0,0,0,0,0,0,0,0,0,0,0,0,0,0,0,0,0,0,0,0,0,0,0,0,0,0,0,0,0,0,0,0,0,0,0,0,0,0,0,0,0,0,0,0,0,0,0,0,0,0,0,0,0,0,0,0,0,0,0,0,0,0,0,0,0,0,0,0,0,0,0,0,0,0,0,0,0,0,0,0,0,0,0,0,0,0,0,0,0,0,0,0,0,0,0,0,0,0
104,2,1,168,grid,65,61,65,65,67,69,71,63,67,61,69,69,71,71,71,71,69,67,65,67,71,71,71,69,71,67,67,71,67,71,63,67,71,67,71,67,71,69,71,71,65,71,71,63,67,71,71,71,65,71,67,71,71,71,71,71,67,71,69,71,71,71,71,65,65,69,69,69,71,69,71,71,69,71,71,67,71,67,69,71,71,71,71,71,71,71,71,67,69,69,71,71,71,71,67,71,71,67,71,71,69,71,71,69,69,71,67,71,69,71,71,71,69,69,71,71,71,71,71,67,67,71,71,67,67,71,71,71,71,71,71,67,65,69,67,63,67,69,71,71,67,71,71,67,71,69,65,0,0,0,0,0,0,0,0,0,0,0,0,0,0,0,0,0,0,0,0,0,0,0,0,0,0,0,0,0,0,0,0,0,0,0,0,0,0,0,0,0,0,0,0,0,0,0,0,0,0,0,0,19.05,50.8,58.42,58.42,59.69,66.04,68.58,68.58,68.58,72.39,73.66,73.66,73.66,74.93,76.2,78.74,80.01,81.28,81.28,83.82,83.82,86.36,86.36,86.36,87.63,87.63,87.63,88.9,88.9,88.9,88.9,91.44,91.44,91.44,92.71,92.71,93.98,93.98,93.98,93.98,93.98,93.98,93.98,93.98,95.25,96.52,96.52,96.52,96.52,96.52,97.79,97.79,99.06,99.06,99.06,99.06,101.6,101.6,102.87,104.14,104.14,104.14,105.41,105.41,105.41,106.68,106.68,106.68,107.95,107.95,109.22,109.22,109.22,109.22,110.49,110.49,111.76,111.76,111.76,111.76,111.76,111.76,111.76,113.03,113.03,113.03,114.3,114.3,114.3,114.3,115.57,116.84,116.84,116.84,116.84,118.11,119.38,119.38,119.38,119.38,120.65,121.92,121.92,121.92,121.92,121.92,121.92,121.92,124.46,124.46,124.46,125.73,125.73,125.73,127,127,127,127,128.27,128.27,129.54,129.54,129.54,130.81,130.81,130.81,132.08,132.08,132.08,133.35,134.62,134.62,135.89,137.16,137.16,137.16,137.16,138.43,138.43,139.7,139.7,139.7,142.24,149.86,149.86,152.4,157.48,0,0,0,0,0,0,0,0,0,0,0,0,0,0,0,0,0,0,0,0,0,0,0,0,0,0,0,0,0,0,0,0,0,0,0,0,0,0,0,0,0,0,0,0,0,0,0,0,1.51,0.98,0.63,0.83,1.41,1.02,0.65,0.76,0.81,1.43,1.15,1.29,1.42,1.33,1.53,1.5,1.34,1.15,1.56,1.37,1.77,1.22,1.5,1.58,1.35,1.37,1.58,1.44,1.67,1.84,2.94,1.1,1.39,1.72,1.35,1.46,0.99,1.37,1.39,1.71,1.84,1.99,2.15,2.16,1.79,1.23,1.44,1.6,1.81,2.03,1.63,2.01,1.06,1.59,1.65,1.69,2.03,2.35,2.02,1.45,1.77,2.06,1.36,1.94,2.16,1.45,1.66,1.85,2.62,3.14,1.88,2.02,2.17,2.22,2.16,2.2,1.65,1.93,2.11,2.16,2.4,2.53,2.87,1.67,2.35,2.69,2.16,2.22,2.63,2.85,2.32,1.98,2.19,2.49,2.51,2,2.18,2.22,2.5,3.06,2.53,2.21,2.3,2.46,2.47,2.57,2.89,2.99,1.95,2.69,2.84,2.72,2.81,2.82,2.33,2.44,2.67,2.81,2.31,2.53,2.88,2.9,3.04,2.6,2.87,3.74,2.05,2.37,2.71,2.55,2.27,3.75,3.78,2.4,2.63,3.23,3.66,2.53,2.88,2.58,2.83,3.01,3.27,3.12,3.38,4.44,3.78,0,0,0,0,0,0,0,0,0,0,0,0,0,0,0,0,0,0,0,0,0,0,0,0,0,0,0,0,0,0,0,0,0,0,0,0,0,0,0,0,0,0,0,0,0,0,0,0,0,0,0,0,0,0
105,2,1,168,row,51,71,71,71,71,69,59,69,61,71,71,69,71,71,71,69,65,71,65,59,65,65,69,71,71,69,63,71,69,65,71,71,69,71,71,71,71,71,69,67,71,69,71,71,63,69,71,69,71,71,71,67,61,71,67,63,71,71,69,71,71,69,71,67,71,71,71,71,71,71,65,71,71,67,71,71,71,71,69,71,71,71,71,71,71,71,71,71,71,71,71,71,67,71,71,71,71,71,71,71,71,69,67,71,69,71,71,69,69,71,71,71,69,71,71,71,67,71,67,63,71,71,71,71,69,71,71,65,71,71,67,65,67,71,65,71,0,0,0,0,0,0,0,0,0,0,0,0,0,0,0,0,0,0,0,0,0,0,0,0,0,0,0,0,0,0,0,0,0,0,0,0,0,0,0,0,0,0,0,0,0,0,0,0,0,0,0,0,0,0,0,0,0,0,0,0,0,0,0,45.72,48.26,48.26,49.53,50.8,53.34,54.61,55.88,58.42,62.23,63.5,66.04,67.31,67.31,68.58,71.12,73.66,73.66,73.66,76.2,77.47,78.74,81.28,81.28,83.82,83.82,85.09,86.36,86.36,86.36,86.36,87.63,87.63,88.9,90.17,91.44,91.44,91.44,91.44,91.44,91.44,93.98,93.98,93.98,93.98,96.52,97.79,99.06,99.06,99.06,99.06,99.06,99.06,101.6,102.87,102.87,102.87,104.14,104.14,104.14,104.14,104.14,105.41,106.68,106.68,107.95,107.95,109.22,109.22,110.49,110.49,111.76,111.76,111.76,113.03,113.03,114.3,114.3,114.3,114.3,116.84,116.84,116.84,118.11,118.11,119.38,119.38,120.65,121.92,121.92,123.19,123.19,123.19,123.19,123.19,124.46,124.46,125.73,127,127,127,127,127,127,129.54,129.54,129.54,132.08,132.08,132.08,132.08,132.08,132.08,132.08,133.35,134.62,134.62,134.62,134.62,134.62,137.16,138.43,139.7,139.7,139.7,142.24,143.51,144.78,147.32,147.32,149.86,151.13,152.4,152.4,154.94,157.48,0,0,0,0,0,0,0,0,0,0,0,0,0,0,0,0,0,0,0,0,0,0,0,0,0,0,0,0,0,0,0,0,0,0,0,0,0,0,0,0,0,0,0,0,0,0,0,0,0,0,0,0,0,0,0,0,0,0,0,0.56,0.66,0.79,1.2,0.31,0.8,1.33,0.76,0.83,1.27,0.79,1.48,0.8,1.54,0.96,0.99,0.78,1.26,1.37,1.88,0.74,1.07,0.96,1.04,1.1,1.28,0.94,0.82,1.02,1.1,1.62,1.18,1.45,1.16,1.64,1,1.02,1.13,1.28,1.45,2.18,1.16,1.43,1.59,1.61,1.04,1.62,1.11,1.47,1.93,1.93,1.96,2.42,2.19,1.37,1.44,1.76,1.57,1.63,1.65,2.16,2.24,1.59,1.54,2.14,1.56,2.23,2.15,2.19,1.93,2.03,1.98,2.12,2.45,2.17,2.33,1.72,1.86,2.21,2.24,2.01,2.08,2.39,1.97,2.19,1.92,2.26,1.91,2.35,2.7,2.11,2.23,2.71,3.03,3.15,2.23,2.7,2.31,2.37,2.43,2.49,2.62,2.63,2.94,2.29,2.72,2.73,1.97,2.01,2.2,2.36,2.52,2.58,2.78,2.09,2.44,2.58,2.59,2.85,2.98,2.9,2.99,2.69,2.95,3.45,3.15,2.88,3.12,3.48,3.75,3.04,3.38,2.47,3.14,3.84,3.95,0,0,0,0,0,0,0,0,0,0,0,0,0,0,0,0,0,0,0,0,0,0,0,0,0,0,0,0,0,0,0,0,0,0,0,0,0,0,0,0,0,0,0,0,0,0,0,0,0,0,0,0,0,0,0,0,0,0,0,0,0,0,0,0,0
106,2,1,28,grid,41,41,41,37,37,43,59,59,59,59,69,59,63,59,59,59,63,63,59,59,59,59,69,61,61,63,67,65,61,61,59,59,59,63,61,61,61,61,63,59,63,61,63,0,0,0,0,0,0,0,0,0,0,0,0,0,0,0,0,0,0,0,0,0,0,0,0,0,0,0,0,0,0,0,0,0,0,0,0,0,0,0,0,0,0,0,0,0,0,0,0,0,0,0,0,0,0,0,0,0,0,0,0,0,0,0,0,0,0,0,0,0,0,0,0,0,0,0,0,0,0,0,0,0,0,0,0,0,0,0,0,0,0,0,0,0,0,0,0,0,0,0,0,0,0,0,0,0,0,0,0,0,0,0,0,0,0,0,0,0,0,0,0,0,0,0,0,0,0,0,0,0,0,0,0,0,0,0,0,0,0,0,0,0,0,0,0,0,0,0,0,0,0,0,0,0,0,0,0,17.78,22.86,22.86,27.94,33.02,68.58,73.66,83.82,92.71,104.14,107.95,119.38,134.62,137.16,137.16,139.7,142.24,142.24,142.24,144.78,144.78,144.78,144.78,146.05,146.05,147.32,147.32,147.32,148.59,148.59,149.86,149.86,149.86,151.13,153.67,154.94,157.48,162.56,165.1,165.1,167.64,167.64,175.26,0,0,0,0,0,0,0,0,0,0,0,0,0,0,0,0,0,0,0,0,0,0,0,0,0,0,0,0,0,0,0,0,0,0,0,0,0,0,0,0,0,0,0,0,0,0,0,0,0,0,0,0,0,0,0,0,0,0,0,0,0,0,0,0,0,0,0,0,0,0,0,0,0,0,0,0,0,0,0,0,0,0,0,0,0,0,0,0,0,0,0,0,0,0,0,0,0,0,0,0,0,0,0,0,0,0,0,0,0,0,0,0,0,0,0,0,0,0,0,0,0,0,0,0,0,0,0,0,0,0,0,0,0,0,0,0,0,0,0,0,0,0,0,0,0,0,0,0,0,0,0,0,0,0,0,1.19,3.38,3.94,3.51,3.19,3.08,2.93,3.61,2.81,3.33,3.66,4.53,4.08,3.64,4.02,4.19,4.18,4.34,4.61,4.68,4.01,4.53,4.06,5.59,5.77,3.45,4.27,4.04,4.34,5.01,5.04,3.83,4.75,4.21,4.19,4.53,5.02,4.51,5.12,4.48,0,0,0,0,0,0,0,0,0,0,0,0,0,0,0,0,0,0,0,0,0,0,0,0,0,0,0,0,0,0,0,0,0,0,0,0,0,0,0,0,0,0,0,0,0,0,0,0,0,0,0,0,0,0,0,0,0,0,0,0,0,0,0,0,0,0,0,0,0,0,0,0,0,0,0,0,0,0,0,0,0,0,0,0,0,0,0,0,0,0,0,0,0,0,0,0,0,0,0,0,0,0,0,0,0,0,0,0,0,0,0,0,0,0,0,0,0,0,0,0,0,0,0,0,0,0,0,0,0,0,0,0,0,0,0,0,0,0,0,0,0,0,0,0,0,0,0,0,0,0,0,0,0,0,0,0,0,0
107,2,1,56,grid,35,55,43,59,59,61,59,59,69,59,59,59,67,63,69,61,59,59,59,63,67,65,61,61,65,61,63,63,59,61,63,61,65,59,59,59,69,61,69,61,65,59,65,61,67,67,67,67,61,65,65,67,67,65,61,67,61,65,67,61,67,67,61,67,65,65,65,61,0,0,0,0,0,0,0,0,0,0,0,0,0,0,0,0,0,0,0,0,0,0,0,0,0,0,0,0,0,0,0,0,0,0,0,0,0,0,0,0,0,0,0,0,0,0,0,0,0,0,0,0,0,0,0,0,0,0,0,0,0,0,0,0,0,0,0,0,0,0,0,0,0,0,0,0,0,0,0,0,0,0,0,0,0,0,0,0,0,0,0,0,0,0,0,0,0,0,0,0,0,0,0,0,0,0,0,0,0,0,0,0,0,0,0,0,0,0,0,0,0,0,0,0,0,0,0,0,0,0,0,26.67,33.02,53.34,63.5,67.31,68.58,68.58,78.74,81.28,81.28,83.82,91.44,92.71,97.79,99.06,99.06,99.06,100.33,100.33,104.14,104.14,107.95,109.22,111.76,111.76,113.03,119.38,123.19,123.19,127,129.54,132.08,134.62,134.62,137.16,138.43,139.7,139.7,142.24,144.78,144.78,144.78,146.05,147.32,147.32,148.59,151.13,152.4,152.4,152.4,152.4,153.67,154.94,156.21,157.48,157.48,157.48,157.48,157.48,160.02,161.29,162.56,162.56,162.56,165.1,165.1,170.18,171.45,0,0,0,0,0,0,0,0,0,0,0,0,0,0,0,0,0,0,0,0,0,0,0,0,0,0,0,0,0,0,0,0,0,0,0,0,0,0,0,0,0,0,0,0,0,0,0,0,0,0,0,0,0,0,0,0,0,0,0,0,0,0,0,0,0,0,0,0,0,0,0,0,0,0,0,0,0,0,0,0,0,0,0,0,0,0,0,0,0,0,0,0,0,0,0,0,0,0,0,0,0,0,0,0,0,0,0,0,0,0,0,0,0,0,0,0,0,0,0,0,0,0,0,0,0,0,0,0.55,0.83,2.74,0.82,1.9,0.88,1.88,1.08,0.93,1.75,0.88,1.2,1.45,1.88,1.3,1.66,2.4,2.63,2.95,1.46,2,1.45,1.84,2.17,2.52,1.63,2.14,2.56,3,2.6,2.11,2.75,2.4,2.81,2.86,3.65,2.77,2.92,2.41,3.26,3.5,4.36,4,2.43,2.5,3.22,2.94,2.76,3.07,3.13,3.17,2.45,2.73,2.6,2.77,2.85,3.09,3.25,3.45,3.9,2.91,2.93,3.18,4.35,3.33,3.39,3.62,4.17,0,0,0,0,0,0,0,0,0,0,0,0,0,0,0,0,0,0,0,0,0,0,0,0,0,0,0,0,0,0,0,0,0,0,0,0,0,0,0,0,0,0,0,0,0,0,0,0,0,0,0,0,0,0,0,0,0,0,0,0,0,0,0,0,0,0,0,0,0,0,0,0,0,0,0,0,0,0,0,0,0,0,0,0,0,0,0,0,0,0,0,0,0,0,0,0,0,0,0,0,0,0,0,0,0,0,0,0,0,0,0,0,0,0,0,0,0,0,0,0,0,0,0,0,0,0,0,0,0,0,0,0,0
109,2,1,56,row,69,59,43,59,59,0,61,69,59,65,59,65,69,65,65,63,69,67,67,63,65,65,65,61,65,59,65,65,64,63,67,61,63,65,65,67,65,59,59,65,67,64,64,61,64,64,67,67,65,64,0,0,0,0,0,0,0,0,0,0,0,0,0,0,0,0,0,0,0,0,0,0,0,0,0,0,0,0,0,0,0,0,0,0,0,0,0,0,0,0,0,0,0,0,0,0,0,0,0,0,0,0,0,0,0,0,0,0,0,0,0,0,0,0,0,0,0,0,0,0,0,0,0,0,0,0,0,0,0,0,0,0,0,0,0,0,0,0,0,0,0,0,0,0,0,0,0,0,0,0,0,0,0,0,0,0,0,0,0,0,0,0,0,0,0,0,0,0,0,0,0,0,0,0,0,0,0,0,0,0,0,0,0,0,0,0,0,0,0,0,0,0,0,0,0,0,0,0,0,50.8,66.04,66.04,78.74,86.36,93.98,96.52,109.22,111.76,119.38,121.92,124.46,127,128.27,129.54,137.16,137.16,138.43,140.97,142.24,142.24,142.24,144.78,144.78,147.32,148.59,149.86,149.86,149.86,149.86,152.4,152.4,154.94,156.21,157.48,157.48,157.48,157.48,157.48,158.75,162.56,162.56,162.56,162.56,163.83,165.1,167.64,168.91,171.45,176.53,0,0,0,0,0,0,0,0,0,0,0,0,0,0,0,0,0,0,0,0,0,0,0,0,0,0,0,0,0,0,0,0,0,0,0,0,0,0,0,0,0,0,0,0,0,0,0,0,0,0,0,0,0,0,0,0,0,0,0,0,0,0,0,0,0,0,0,0,0,0,0,0,0,0,0,0,0,0,0,0,0,0,0,0,0,0,0,0,0,0,0,0,0,0,0,0,0,0,0,0,0,0,0,0,0,0,0,0,0,0,0,0,0,0,0,0,0,0,0,0,0,0,0,0,0,0,0,0,0,0,0,0,0,0,0,0,0,0,0,0,0,0,0,0,0,0.71,2.1,3.29,2.34,2.65,3.61,1.72,2.01,3,2.66,2.67,3.1,2.24,2.98,2.56,2.9,2.92,2.99,2.63,2.81,2.97,3.3,2.99,3.17,3.45,4.27,2.8,3.36,3.39,4.38,2.83,3.48,4.02,3.09,2.79,3.29,3.47,4.08,4.94,4.25,4.02,4.09,4.28,4.57,3.28,5.01,4.27,3.61,4.03,3.85,0,0,0,0,0,0,0,0,0,0,0,0,0,0,0,0,0,0,0,0,0,0,0,0,0,0,0,0,0,0,0,0,0,0,0,0,0,0,0,0,0,0,0,0,0,0,0,0,0,0,0,0,0,0,0,0,0,0,0,0,0,0,0,0,0,0,0,0,0,0,0,0,0,0,0,0,0,0,0,0,0,0,0,0,0,0,0,0,0,0,0,0,0,0,0,0,0,0,0,0,0,0,0,0,0,0,0,0,0,0,0,0,0,0,0,0,0,0,0,0,0,0,0,0,0,0,0,0,0,0,0,0,0,0,0,0,0,0,0,0,0,0,0,0,0,0,0,0,0,0,0
201,2,2,56,grid,35,37,31,0,59,61,63,63,59,59,61,63,59,59,69,67,65,65,71,61,61,67,61,59,69,65,69,57,67,67,59,61,61,67,59,69,65,63,65,63,65,65,69,67,65,65,67,61,63,67,67,69,65,63,61,69,69,63,69,61,67,65,69,65,65,67,65,65,71,65,65,65,67,67,65,67,65,65,67,0,0,0,0,0,0,0,0,0,0,0,0,0,0,0,0,0,0,0,0,0,0,0,0,0,0,0,0,0,0,0,0,0,0,0,0,0,0,0,0,0,0,0,0,0,0,0,0,0,0,0,0,0,0,0,0,0,0,0,0,0,0,0,0,0,0,0,0,0,0,0,0,0,0,0,0,0,0,0,0,0,0,0,0,0,0,0,0,0,0,0,0,0,0,0,0,0,0,0,0,0,0,0,0,0,0,0,0,0,0,0,0,0,0,0,0,0,0,0,0,29.21,30.48,33.02,68.58,72.39,73.66,76.2,78.74,87.63,88.9,91.44,93.98,96.52,100.33,106.68,111.76,113.03,114.3,114.3,114.3,116.84,116.84,116.84,116.84,121.92,121.92,124.46,127,127,129.54,129.54,132.08,133.35,134.62,135.89,137.16,137.16,137.16,139.7,140.97,143.51,144.78,144.78,147.32,147.32,148.59,148.59,149.86,149.86,149.86,151.13,152.4,152.4,152.4,152.4,154.94,154.94,154.94,154.94,154.94,156.21,157.48,160.02,160.02,162.56,162.56,162.56,163.83,163.83,165.1,165.1,165.1,167.64,167.64,170.18,171.45,172.72,172.72,177.8,0,0,0,0,0,0,0,0,0,0,0,0,0,0,0,0,0,0,0,0,0,0,0,0,0,0,0,0,0,0,0,0,0,0,0,0,0,0,0,0,0,0,0,0,0,0,0,0,0,0,0,0,0,0,0,0,0,0,0,0,0,0,0,0,0,0,0,0,0,0,0,0,0,0,0,0,0,0,0,0,0,0,0,0,0,0,0,0,0,0,0,0,0,0,0,0,0,0,0,0,0,0,0,0,0,0,0,0,0,0,0,0,0,0,0,0,0.93,0.74,1.31,2.26,0.85,1.4,1.09,1.27,1.25,1.53,1.13,0.58,1.53,2.25,2.18,3.42,1.46,1.82,1.89,2.65,1.85,2.09,2.34,2.41,2.07,2.17,1.79,2.32,2.51,2.37,3.34,1.04,2.4,2.05,3.26,1.9,2.65,2.72,2.64,2.96,3.21,3.1,3.56,2.57,2.72,3.51,3.76,3.21,3.29,3.36,3.25,2.66,3.08,3.64,3.95,2.61,3.23,3.55,3.6,3.71,3.06,2.71,3.38,3.95,2.82,2.86,4.23,2.56,3.75,3.58,3.89,4.27,3.27,4.07,3.93,3.07,4.17,4.57,4.1,0,0,0,0,0,0,0,0,0,0,0,0,0,0,0,0,0,0,0,0,0,0,0,0,0,0,0,0,0,0,0,0,0,0,0,0,0,0,0,0,0,0,0,0,0,0,0,0,0,0,0,0,0,0,0,0,0,0,0,0,0,0,0,0,0,0,0,0,0,0,0,0,0,0,0,0,0,0,0,0,0,0,0,0,0,0,0,0,0,0,0,0,0,0,0,0,0,0,0,0,0,0,0,0,0,0,0,0,0,0,0,0,0,0,0,0,0,0,0,0,0,0
202,2,2,56,row,25,35,31,59,61,59,59,59,61,61,65,61,59,59,65,59,61,59,63,59,67,59,69,59,67,69,63,67,63,65,63,63,65,67,61,59,61,59,59,61,69,69,61,67,65,63,67,67,69,65,67,65,67,67,61,61,59,63,67,61,59,59,65,65,67,67,65,67,0,0,0,0,0,0,0,0,0,0,0,0,0,0,0,0,0,0,0,0,0,0,0,0,0,0,0,0,0,0,0,0,0,0,0,0,0,0,0,0,0,0,0,0,0,0,0,0,0,0,0,0,0,0,0,0,0,0,0,0,0,0,0,0,0,0,0,0,0,0,0,0,0,0,0,0,0,0,0,0,0,0,0,0,0,0,0,0,0,0,0,0,0,0,0,0,0,0,0,0,0,0,0,0,0,0,0,0,0,0,0,0,0,0,0,0,0,0,0,0,0,0,0,0,0,0,0,0,0,0,0,21.59,29.21,30.48,55.88,67.31,76.2,78.74,78.74,80.01,87.63,88.9,88.9,93.98,99.06,100.33,105.41,106.68,106.68,109.22,114.3,115.57,116.84,119.38,119.38,120.65,124.46,124.46,127,127,127,127,132.08,133.35,134.62,134.62,134.62,135.89,135.89,137.16,138.43,139.7,139.7,139.7,140.97,142.24,142.24,144.78,144.78,144.78,144.78,146.05,147.32,149.86,149.86,149.86,152.4,152.4,154.94,157.48,158.75,160.02,162.56,167.64,167.64,170.18,171.45,171.45,172.72,0,0,0,0,0,0,0,0,0,0,0,0,0,0,0,0,0,0,0,0,0,0,0,0,0,0,0,0,0,0,0,0,0,0,0,0,0,0,0,0,0,0,0,0,0,0,0,0,0,0,0,0,0,0,0,0,0,0,0,0,0,0,0,0,0,0,0,0,0,0,0,0,0,0,0,0,0,0,0,0,0,0,0,0,0,0,0,0,0,0,0,0,0,0,0,0,0,0,0,0,0,0,0,0,0,0,0,0,0,0,0,0,0,0,0,0,0,0,0,0,0,0,0,0,0,0,0,0,0.3,0,0.85,0.81,1.68,1.11,2.11,1.29,1.52,1.26,1.31,1.58,1.79,1.68,1.6,1.93,2.39,1.96,2.19,2,2.21,1.58,2.87,1.72,2.11,2.13,1.86,2.48,2.49,3.15,2.74,2.57,2.29,2.84,3.03,2.99,3.15,2.79,3.22,2.56,2.66,2.77,2.57,2.96,3.17,2.59,2.86,2.91,3.46,3.35,3.33,2.93,3.49,3.59,3.14,3.93,3.42,4.32,4.18,4.19,3.78,4.11,4.12,3.85,3.7,4.32,3.74,0,0,0,0,0,0,0,0,0,0,0,0,0,0,0,0,0,0,0,0,0,0,0,0,0,0,0,0,0,0,0,0,0,0,0,0,0,0,0,0,0,0,0,0,0,0,0,0,0,0,0,0,0,0,0,0,0,0,0,0,0,0,0,0,0,0,0,0,0,0,0,0,0,0,0,0,0,0,0,0,0,0,0,0,0,0,0,0,0,0,0,0,0,0,0,0,0,0,0,0,0,0,0,0,0,0,0,0,0,0,0,0,0,0,0,0,0,0,0,0,0,0,0,0,0,0,0,0,0,0,0,0,0
203,2,2,168,row,59,59,59,37,59,61,71,63,69,59,71,65,63,61,63,69,71,61,71,67,71,61,71,71,65,71,65,65,69,65,69,71,61,61,71,61,67,71,63,61,69,71,61,63,61,65,59,61,71,67,69,65,63,67,71,65,71,71,61,71,69,67,65,65,59,65,69,63,69,69,61,71,71,71,69,61,67,69,63,67,69,71,65,71,65,65,69,71,71,63,63,61,71,69,65,69,71,61,61,65,69,61,71,69,71,69,63,71,71,61,71,63,71,71,63,67,65,71,71,67,67,67,65,69,63,67,69,0,0,0,0,0,0,0,0,0,0,0,0,0,0,0,0,0,0,0,0,0,0,0,0,0,0,0,0,0,0,0,0,0,0,0,0,0,0,0,0,0,0,0,0,0,0,0,0,0,0,0,0,0,0,0,0,0,0,0,0,0,0,0,0,0,0,0,0,0,0,0,0,30.48,33.02,35.56,35.56,48.26,54.61,60.96,60.96,60.96,63.5,69.85,71.12,71.12,73.66,73.66,73.66,73.66,76.2,80.01,81.28,81.28,83.82,83.82,83.82,85.09,86.36,86.36,86.36,88.9,88.9,88.9,88.9,90.17,91.44,91.44,91.44,91.44,93.98,93.98,93.98,95.25,96.52,96.52,96.52,96.52,98.044,99.06,99.06,99.06,99.06,99.06,99.06,99.06,99.06,101.6,101.6,101.6,101.6,101.6,102.87,104.14,104.14,104.14,104.14,104.14,104.14,104.14,104.14,106.68,106.68,106.68,109.22,109.22,109.22,109.22,109.22,109.22,110.49,110.49,111.76,111.76,111.76,111.76,111.76,111.76,111.76,111.76,113.03,113.03,114.3,114.3,114.3,115.57,115.57,116.84,116.84,116.84,116.84,116.84,118.11,119.38,119.38,120.65,120.65,120.65,120.65,121.92,124.46,125.73,125.73,125.73,127,130.81,130.81,134.62,134.62,137.16,139.7,139.7,139.7,139.7,140.97,142.24,148.59,153.67,160.02,170.18,0,0,0,0,0,0,0,0,0,0,0,0,0,0,0,0,0,0,0,0,0,0,0,0,0,0,0,0,0,0,0,0,0,0,0,0,0,0,0,0,0,0,0,0,0,0,0,0,0,0,0,0,0,0,0,0,0,0,0,0,0,0,0,0,0,0,0,0,0.97,1.05,0.81,1.2,0.77,0.83,0.99,1.37,2.3,1.6,1.49,1.14,1.57,1.08,1.42,1.49,1.75,1.58,1.54,0.96,1.68,1.38,1.6,1.87,1.53,1.11,1.17,1.32,1.14,1.42,1.7,1.93,1.63,1.7,1.98,2.3,2.91,1.49,1.61,2.02,1.75,1.41,1.93,2.17,2.24,1.34,1.71,1.71,1.79,1.88,1.89,2.28,2.48,2.62,1.66,1.72,1.89,1.96,2.18,2.5,1.51,1.66,1.81,1.86,2.03,2.17,2.45,2.7,1.57,1.68,1.74,1.56,1.72,1.78,1.98,2.3,2.38,1.83,2.28,1.78,1.96,2.08,2.14,2.26,2.36,2.52,2.54,1.78,2.5,2.06,2.28,2.32,2.09,2.32,1.95,2.01,2.05,2.4,2.5,2.31,2.3,2.88,2.41,2.44,2.62,2.69,2.89,2.53,2.55,2.6,2.87,2.79,2.13,2.88,2.89,3.15,2.55,2.75,2.86,2.99,3.8,2.66,3.69,3.67,4.14,3.48,3.43,0,0,0,0,0,0,0,0,0,0,0,0,0,0,0,0,0,0,0,0,0,0,0,0,0,0,0,0,0,0,0,0,0,0,0,0,0,0,0,0,0,0,0,0,0,0,0,0,0,0,0,0,0,0,0,0,0,0,0,0,0,0,0,0,0,0,0,0,0,0,0,0,0,0
204,2,2,28,row,59,59,59,59,59,59,59,63,63,63,61,61,59,63,65,63,63,63,63,63,61,59,67,59,65,67,61,59,63,65,63,65,59,65,65,63,63,61,63,63,63,0,0,0,0,0,0,0,0,0,0,0,0,0,0,0,0,0,0,0,0,0,0,0,0,0,0,0,0,0,0,0,0,0,0,0,0,0,0,0,0,0,0,0,0,0,0,0,0,0,0,0,0,0,0,0,0,0,0,0,0,0,0,0,0,0,0,0,0,0,0,0,0,0,0,0,0,0,0,0,0,0,0,0,0,0,0,0,0,0,0,0,0,0,0,0,0,0,0,0,0,0,0,0,0,0,0,0,0,0,0,0,0,0,0,0,0,0,0,0,0,0,0,0,0,0,0,0,0,0,0,0,0,0,0,0,0,0,0,0,0,0,0,0,0,0,0,0,0,0,0,0,0,0,0,0,0,0,0,41.91,66.04,69.85,72.39,86.36,93.98,106.68,109.22,113.03,114.3,121.92,123.19,124.46,124.46,125.73,127,127,130.81,132.08,132.08,133.35,133.35,134.62,134.62,137.16,137.16,138.43,138.43,139.7,142.24,142.24,143.51,144.78,146.05,147.32,147.32,148.59,148.59,154.94,160.02,162.56,0,0,0,0,0,0,0,0,0,0,0,0,0,0,0,0,0,0,0,0,0,0,0,0,0,0,0,0,0,0,0,0,0,0,0,0,0,0,0,0,0,0,0,0,0,0,0,0,0,0,0,0,0,0,0,0,0,0,0,0,0,0,0,0,0,0,0,0,0,0,0,0,0,0,0,0,0,0,0,0,0,0,0,0,0,0,0,0,0,0,0,0,0,0,0,0,0,0,0,0,0,0,0,0,0,0,0,0,0,0,0,0,0,0,0,0,0,0,0,0,0,0,0,0,0,0,0,0,0,0,0,0,0,0,0,0,0,0,0,0,0,0,0,0,0,0,0,0,0,0,0,0,0,0,1.21,2.81,1.7,2.43,2.61,2.22,2.4,3.4,2.92,2.91,2.93,3.69,3.38,4.14,3.44,3.36,3.67,3.65,3.75,3.88,4.1,4.18,3.72,3.92,3.4,3.59,4.17,4.68,3.48,4.25,4.61,4.36,4.4,4.05,3.62,4.44,4.27,4.82,5.34,4.24,3.87,0,0,0,0,0,0,0,0,0,0,0,0,0,0,0,0,0,0,0,0,0,0,0,0,0,0,0,0,0,0,0,0,0,0,0,0,0,0,0,0,0,0,0,0,0,0,0,0,0,0,0,0,0,0,0,0,0,0,0,0,0,0,0,0,0,0,0,0,0,0,0,0,0,0,0,0,0,0,0,0,0,0,0,0,0,0,0,0,0,0,0,0,0,0,0,0,0,0,0,0,0,0,0,0,0,0,0,0,0,0,0,0,0,0,0,0,0,0,0,0,0,0,0,0,0,0,0,0,0,0,0,0,0,0,0,0,0,0,0,0,0,0,0,0,0,0,0,0,0,0,0,0,0,0,0,0,0,0,0,0
206,2,2,168,grid,0,59,69,0,71,65,59,69,59,59,59,61,59,63,61,0,43,59,71,59,61,61,65,65,59,59,67,63,63,71,61,65,71,65,63,71,67,65,59,71,59,65,71,65,71,71,63,71,71,61,71,63,63,71,61,71,63,71,71,71,61,71,65,61,59,59,59,63,63,63,61,71,71,71,71,67,71,69,61,71,63,63,71,63,71,65,59,69,61,71,71,69,69,71,61,67,63,71,63,61,63,67,71,65,71,59,71,65,71,69,63,71,71,61,63,71,63,71,71,65,69,59,71,71,59,69,61,61,59,65,71,67,71,63,63,71,69,71,61,59,71,61,67,69,67,71,67,63,71,71,71,71,69,65,61,71,71,63,71,71,67,67,69,71,67,71,69,71,67,65,71,65,71,65,71,65,67,65,0,0,0,0,0,0,0,0,0,0,0,0,0,0,0,0,0,0,0,0,0,17.78,17.78,19.05,22.86,24.13,25.4,27.94,30.48,30.48,30.48,30.48,33.02,38.1,40.64,40.64,40.64,40.64,41.91,43.18,45.72,46.99,48.26,48.26,48.26,48.26,50.8,50.8,53.34,54.61,55.88,55.88,55.88,55.88,58.42,58.42,59.69,60.96,60.96,60.96,60.96,60.96,62.23,63.5,63.5,63.5,63.5,66.04,66.04,66.04,66.04,66.04,67.31,67.31,68.58,68.58,68.58,68.58,68.58,68.58,69.85,69.85,69.85,71.12,71.12,71.12,71.12,71.12,71.12,72.39,72.39,73.66,73.66,73.66,73.66,73.66,74.93,74.93,76.2,76.2,76.2,76.2,76.2,77.47,77.47,78.74,78.74,78.74,78.74,78.74,78.74,80.01,82.55,83.82,83.82,85.09,85.09,86.36,86.36,86.36,86.36,88.9,88.9,88.9,88.9,90.17,91.44,91.44,91.44,91.44,92.71,93.98,93.98,93.98,93.98,95.25,96.52,96.52,96.52,97.79,97.79,97.79,97.79,99.06,99.06,99.06,99.06,99.06,100.33,100.33,101.6,101.6,101.6,102.87,102.87,102.87,104.14,104.14,104.14,104.14,104.14,106.68,107.95,109.22,109.22,110.49,110.49,110.49,111.76,111.76,111.76,111.76,111.76,113.03,113.03,113.03,113.03,114.3,114.3,114.3,116.84,116.84,118.11,121.92,121.92,121.92,121.92,123.19,124.46,127,127,130.81,135.89,139.7,142.24,142.24,152.4,152.4,162.56,0,0,0,0,0,0,0,0,0,0,0,0,0,0,0,0,0,0.72,0.77,0.76,0.79,0.88,0.88,0.95,0.58,0.6,0.62,0.83,0.84,0.42,0.63,0.78,1.4,2.97,0.89,0.77,0.76,0.8,0.83,0.87,0.98,1.17,0.69,1.41,1.45,1.55,1.07,1.13,1.19,1.73,1.16,1.4,1.48,1.16,1.33,1.36,1.38,1.56,1.11,0.9,1.08,1.27,1.3,1.03,1.26,1.27,1.42,1.47,1.14,1.29,0.8,1.02,1.08,1.26,1.47,1.76,1.28,1.67,1.82,0.95,1.07,1.22,1.39,1.57,1.65,1.42,1.5,1.36,1.38,1.48,1.54,1.6,1.73,1.81,1.15,1.16,1.42,1.44,1.92,1.52,2.37,1.23,1.4,1.54,1.54,1.55,1.67,1.55,1.16,1.26,1.98,1.65,1.72,1.59,1.9,2.19,2.31,1.54,1.7,1.93,2.16,1.52,1.48,1.68,1.74,1.98,1.95,1.05,1.53,1.78,2.19,1.96,1.56,1.81,2.21,1.71,1.96,2.02,2.29,1.42,1.88,1.92,1.94,2.03,1.7,2.23,1.61,2.01,2.04,1.71,2.03,2.12,1.43,1.93,2.26,2.45,3.65,1.94,2.25,2.58,2.63,2.03,2.04,2.17,2.17,2.17,2.19,2.38,2.87,2,2.36,2.62,2.68,2,2.01,2.67,2.4,2.67,2.62,2.34,2.51,2.78,2.79,2.8,2.15,2.52,2.63,3.29,3.66,4.11,3.09,3.25,3.95,4.03,4.49,0,0,0,0,0,0,0,0,0,0,0,0,0,0,0,0,0,0,0,0,0,0,0
207,2,2,28,grid,59,59,59,63,59,59,65,59,61,63,61,59,61,61,61,63,61,61,61,59,59,63,63,59,65,61,63,61,59,63,63,61,63,61,63,63,63,0,0,0,0,0,0,0,0,0,0,0,0,0,0,0,0,0,0,0,0,0,0,0,0,0,0,0,0,0,0,0,0,0,0,0,0,0,0,0,0,0,0,0,0,0,0,0,0,0,0,0,0,0,0,0,0,0,0,0,0,0,0,0,0,0,0,0,0,0,0,0,0,0,0,0,0,0,0,0,0,0,0,0,0,0,0,0,0,0,0,0,0,0,0,0,0,0,0,0,0,0,0,0,0,0,0,0,0,0,0,0,0,0,0,0,0,0,0,0,0,0,0,0,0,0,0,0,0,0,0,0,0,0,0,0,0,0,0,0,0,0,0,0,0,0,0,0,0,0,0,0,0,0,0,0,0,0,0,0,0,0,0,100.33,106.68,107.95,107.95,109.22,111.76,116.84,123.19,124.46,125.73,127,127,130.81,132.08,132.08,133.35,133.35,133.35,134.62,134.62,134.62,135.89,137.16,142.24,143.51,143.51,143.51,144.78,147.32,147.32,147.32,149.86,151.13,153.67,156.21,157.48,160.02,0,0,0,0,0,0,0,0,0,0,0,0,0,0,0,0,0,0,0,0,0,0,0,0,0,0,0,0,0,0,0,0,0,0,0,0,0,0,0,0,0,0,0,0,0,0,0,0,0,0,0,0,0,0,0,0,0,0,0,0,0,0,0,0,0,0,0,0,0,0,0,0,0,0,0,0,0,0,0,0,0,0,0,0,0,0,0,0,0,0,0,0,0,0,0,0,0,0,0,0,0,0,0,0,0,0,0,0,0,0,0,0,0,0,0,0,0,0,0,0,0,0,0,0,0,0,0,0,0,0,0,0,0,0,0,0,0,0,0,0,0,0,0,0,0,0,0,0,0,0,0,0,0,0,0,0,0,0,3.3,2.99,2.68,2.84,3.08,3.11,2.9,3.31,3.09,3.2,3.29,3.5,3.88,3.46,4.31,2.96,3.16,3.86,3.16,3.17,3.49,3.57,3.63,4.43,3.8,3.86,4.29,3.78,3.39,3.74,4.38,3.77,3.27,4.4,4.14,3.79,3.99,0,0,0,0,0,0,0,0,0,0,0,0,0,0,0,0,0,0,0,0,0,0,0,0,0,0,0,0,0,0,0,0,0,0,0,0,0,0,0,0,0,0,0,0,0,0,0,0,0,0,0,0,0,0,0,0,0,0,0,0,0,0,0,0,0,0,0,0,0,0,0,0,0,0,0,0,0,0,0,0,0,0,0,0,0,0,0,0,0,0,0,0,0,0,0,0,0,0,0,0,0,0,0,0,0,0,0,0,0,0,0,0,0,0,0,0,0,0,0,0,0,0,0,0,0,0,0,0,0,0,0,0,0,0,0,0,0,0,0,0,0,0,0,0,0,0,0,0,0,0,0,0,0,0,0,0,0,0,0,0,0,0,0,0
208,2,2,112,grid,31,41,35,59,59,59,65,65,61,67,69,69,61,69,69,69,61,67,69,65,59,69,69,69,69,63,59,69,71,61,63,69,71,69,71,71,69,59,71,71,71,71,71,69,69,67,71,67,69,69,69,69,69,71,69,67,71,69,69,71,71,67,69,71,67,65,71,69,69,67,71,67,71,69,71,71,69,69,67,67,67,67,69,0,0,0,0,0,0,0,0,0,0,0,0,0,0,0,0,0,0,0,0,0,0,0,0,0,0,0,0,0,0,0,0,0,0,0,0,0,0,0,0,0,0,0,0,0,0,0,0,0,0,0,0,0,0,0,0,0,0,0,0,0,0,0,0,0,0,0,0,0,0,0,0,0,0,0,0,0,0,0,0,0,0,0,0,0,0,0,0,0,0,0,0,0,0,0,0,0,0,0,0,0,0,0,0,0,0,0,0,0,0,0,0,0,0,0,0,19.05,29.21,33.02,38.1,43.18,53.34,62.23,63.5,68.58,81.28,86.36,88.9,88.9,91.44,91.44,93.98,93.98,93.98,96.52,96.52,96.52,99.06,99.06,100.33,101.6,101.6,109.22,110.49,110.49,110.49,111.76,111.76,111.76,111.76,111.76,114.3,114.3,115.57,116.84,116.84,119.38,120.65,121.92,124.46,125.73,125.73,127,127,129.54,129.54,129.54,132.08,132.08,132.08,132.08,132.08,132.08,134.62,134.62,134.62,134.62,137.16,137.16,137.16,138.43,139.7,142.24,142.24,142.24,144.78,144.78,144.78,147.32,149.86,149.86,152.4,152.4,153.67,153.67,156.21,157.48,160.02,161.29,0,0,0,0,0,0,0,0,0,0,0,0,0,0,0,0,0,0,0,0,0,0,0,0,0,0,0,0,0,0,0,0,0,0,0,0,0,0,0,0,0,0,0,0,0,0,0,0,0,0,0,0,0,0,0,0,0,0,0,0,0,0,0,0,0,0,0,0,0,0,0,0,0,0,0,0,0,0,0,0,0,0,0,0,0,0,0,0,0,0,0,0,0,0,0,0,0,0,0,0,0,0,0,0,0,0,0,0,0,0,0,0,0,0.57,0.63,0.18,0.14,0.61,0.45,0.76,0.4,0.62,1.01,0.9,1.03,1.14,1.29,1.01,1.09,1.39,1.09,1.27,1.76,1.38,1.46,1.67,2.03,2.04,2.38,1.63,1.66,1.88,1.45,1.6,1.84,2.06,2.06,1.81,1.85,2.43,1.38,2.24,2.05,1.66,1.79,1.85,1.73,2.66,2.21,2.46,2.23,2.44,2.53,0.35,1.92,2.31,2.37,2.4,2.86,2.12,2.54,2.6,2.7,2.68,2.9,3.32,2.93,2.94,2.23,2.53,2.59,2.22,2.61,2.83,2.8,2.73,2.97,2.82,3.42,3.08,3.12,2.82,3.2,3.43,3.93,0,0,0,0,0,0,0,0,0,0,0,0,0,0,0,0,0,0,0,0,0,0,0,0,0,0,0,0,0,0,0,0,0,0,0,0,0,0,0,0,0,0,0,0,0,0,0,0,0,0,0,0,0,0,0,0,0,0,0,0,0,0,0,0,0,0,0,0,0,0,0,0,0,0,0,0,0,0,0,0,0,0,0,0,0,0,0,0,0,0,0,0,0,0,0,0,0,0,0,0,0,0,0,0,0,0,0,0,0,0,0,0,0,0,0,0,0,0
209,2,2,112,row,59,51,59,59,59,59,67,63,59,59,59,59,65,63,65,71,63,65,61,61,71,63,65,67,61,65,65,63,71,63,65,59,65,63,69,63,67,65,63,63,65,71,67,71,69,71,69,65,67,65,63,63,71,67,65,67,69,67,67,67,63,67,71,67,67,69,69,67,65,71,69,67,65,67,67,65,67,69,0,0,0,0,0,0,0,0,0,0,0,0,0,0,0,0,0,0,0,0,0,0,0,0,0,0,0,0,0,0,0,0,0,0,0,0,0,0,0,0,0,0,0,0,0,0,0,0,0,0,0,0,0,0,0,0,0,0,0,0,0,0,0,0,0,0,0,0,0,0,0,0,0,0,0,0,0,0,0,0,0,0,0,0,0,0,0,0,0,0,0,0,0,0,0,0,0,0,0,0,0,0,0,0,0,0,0,0,0,0,0,0,0,0,0,0,0,0,0,0,0,22.86,22.86,43.18,43.18,48.26,58.42,60.96,63.5,66.04,68.58,71.12,71.12,73.66,76.2,78.74,78.74,78.74,81.28,85.09,86.36,87.63,87.63,88.9,90.17,91.44,93.98,99.06,99.06,101.6,101.6,101.6,102.87,106.68,110.49,113.03,113.03,114.3,114.3,115.57,115.57,116.84,116.84,119.38,121.92,121.92,121.92,123.19,124.46,125.73,125.73,125.73,125.73,127,128.27,130.81,130.81,130.81,132.08,132.08,132.08,132.08,138.43,138.43,142.24,142.24,142.24,144.78,144.78,144.78,144.78,149.86,149.86,149.86,152.4,154.94,154.94,154.94,160.02,0,0,0,0,0,0,0,0,0,0,0,0,0,0,0,0,0,0,0,0,0,0,0,0,0,0,0,0,0,0,0,0,0,0,0,0,0,0,0,0,0,0,0,0,0,0,0,0,0,0,0,0,0,0,0,0,0,0,0,0,0,0,0,0,0,0,0,0,0,0,0,0,0,0,0,0,0,0,0,0,0,0,0,0,0,0,0,0,0,0,0,0,0,0,0,0,0,0,0,0,0,0,0,0,0,0,0,0,0,0,0,0,0,0,0,0,0,0.81,1.15,0.76,0.78,0.88,1.2,1.9,1.47,1.18,1.45,1.03,1.32,1.61,1.26,1.23,1.31,1.46,1.59,1.55,1.91,1.6,2.18,1.61,1.69,1.36,2.03,1.49,2.13,1.89,2.13,2.49,2.27,2.42,2.57,2.06,2.28,1.72,2.79,2.13,2.2,1.99,2.52,2.15,2.45,2.52,3.1,2.67,2.56,2.13,2.79,2.9,3.09,3.06,2.71,2.6,2.75,2.99,2.61,2.78,3.08,3.58,2.85,3.15,2.88,2.88,3.83,2.8,2.83,3.05,3.18,3.19,3.4,3.5,3.11,2.54,3.73,3.78,4.34,0,0,0,0,0,0,0,0,0,0,0,0,0,0,0,0,0,0,0,0,0,0,0,0,0,0,0,0,0,0,0,0,0,0,0,0,0,0,0,0,0,0,0,0,0,0,0,0,0,0,0,0,0,0,0,0,0,0,0,0,0,0,0,0,0,0,0,0,0,0,0,0,0,0,0,0,0,0,0,0,0,0,0,0,0,0,0,0,0,0,0,0,0,0,0,0,0,0,0,0,0,0,0,0,0,0,0,0,0,0,0,0,0,0,0,0,0,0,0,0,0,0,0
302,2,3,56,row,63,61,65,65,71,71,65,63,63,71,63,63,69,67,71,63,65,65,65,71,69,71,69,63,63,71,65,65,65,65,63,63,65,67,65,63,61,63,65,63,65,65,65,65,67,0,0,0,0,0,0,0,0,0,0,0,0,0,0,0,0,0,0,0,0,0,0,0,0,0,0,0,0,0,0,0,0,0,0,0,0,0,0,0,0,0,0,0,0,0,0,0,0,0,0,0,0,0,0,0,0,0,0,0,0,0,0,0,0,0,0,0,0,0,0,0,0,0,0,0,0,0,0,0,0,0,0,0,0,0,0,0,0,0,0,0,0,0,0,0,0,0,0,0,0,0,0,0,0,0,0,0,0,0,0,0,0,0,0,0,0,0,0,0,0,0,0,0,0,0,0,0,0,0,0,0,0,0,0,0,0,0,0,0,0,0,0,0,0,0,0,0,0,0,0,0,0,0,0,78.74,99.06,114.3,114.3,121.92,127,127,129.54,129.54,130.81,130.81,130.81,134.62,134.62,139.7,139.7,139.7,140.97,142.24,144.78,144.78,144.78,144.78,144.78,146.05,147.32,147.32,147.32,149.86,149.86,152.4,152.4,154.94,154.94,157.48,160.02,162.56,163.83,165.1,165.1,166.37,170.18,172.72,175.26,176.53,0,0,0,0,0,0,0,0,0,0,0,0,0,0,0,0,0,0,0,0,0,0,0,0,0,0,0,0,0,0,0,0,0,0,0,0,0,0,0,0,0,0,0,0,0,0,0,0,0,0,0,0,0,0,0,0,0,0,0,0,0,0,0,0,0,0,0,0,0,0,0,0,0,0,0,0,0,0,0,0,0,0,0,0,0,0,0,0,0,0,0,0,0,0,0,0,0,0,0,0,0,0,0,0,0,0,0,0,0,0,0,0,0,0,0,0,0,0,0,0,0,0,0,0,0,0,0,0,0,0,0,0,0,0,0,0,0,0,0,0,0,0,0,0,0,0,0,0,0,0,1.83,1.86,2.48,2.76,2.58,2.25,3,2.88,3.48,3.09,3.15,3.9,2.38,3.07,2.74,3.14,3.5,2.45,3.89,3.15,3.36,3.37,3.5,3.95,4.22,2.81,3.23,3.88,3.21,3.57,4.35,4.8,3.94,3.98,3.51,3.9,4.48,4.49,3.26,4.11,3.82,4.21,4.42,4.38,4.84,0,0,0,0,0,0,0,0,0,0,0,0,0,0,0,0,0,0,0,0,0,0,0,0,0,0,0,0,0,0,0,0,0,0,0,0,0,0,0,0,0,0,0,0,0,0,0,0,0,0,0,0,0,0,0,0,0,0,0,0,0,0,0,0,0,0,0,0,0,0,0,0,0,0,0,0,0,0,0,0,0,0,0,0,0,0,0,0,0,0,0,0,0,0,0,0,0,0,0,0,0,0,0,0,0,0,0,0,0,0,0,0,0,0,0,0,0,0,0,0,0,0,0,0,0,0,0,0,0,0,0,0,0,0,0,0,0,0,0,0,0,0,0,0,0,0,0,0,0,0,0,0,0,0,0,0
303,2,3,56,grid,59,51,59,43,59,59,59,59,61,59,63,61,63,59,63,59,61,65,61,61,61,59,67,61,61,65,61,67,63,63,65,65,63,63,65,61,61,61,65,65,63,67,67,65,65,65,63,67,65,63,63,65,65,63,63,67,0,0,0,0,0,0,0,0,0,0,0,0,0,0,0,0,0,0,0,0,0,0,0,0,0,0,0,0,0,0,0,0,0,0,0,0,0,0,0,0,0,0,0,0,0,0,0,0,0,0,0,0,0,0,0,0,0,0,0,0,0,0,0,0,0,0,0,0,0,0,0,0,0,0,0,0,0,0,0,0,0,0,0,0,0,0,0,0,0,0,0,0,0,0,0,0,0,0,0,0,0,0,0,0,0,0,0,0,0,0,0,0,0,0,0,0,0,0,0,0,0,0,0,0,0,0,0,0,0,0,0,0,0,0,0,0,0,0,0,0,0,0,0,33.02,36.83,43.18,54.61,66.04,68.58,72.39,72.39,88.9,88.9,91.44,95.25,96.52,99.06,106.68,109.22,119.38,120.65,121.92,127,127,127,129.54,130.81,132.08,134.62,138.43,139.7,139.7,142.24,142.24,142.24,142.24,142.24,144.78,144.78,144.78,144.78,147.32,149.86,149.86,149.86,152.4,152.4,152.4,154.94,154.94,154.94,157.48,158.75,160.02,162.56,162.56,163.83,165.1,167.64,0,0,0,0,0,0,0,0,0,0,0,0,0,0,0,0,0,0,0,0,0,0,0,0,0,0,0,0,0,0,0,0,0,0,0,0,0,0,0,0,0,0,0,0,0,0,0,0,0,0,0,0,0,0,0,0,0,0,0,0,0,0,0,0,0,0,0,0,0,0,0,0,0,0,0,0,0,0,0,0,0,0,0,0,0,0,0,0,0,0,0,0,0,0,0,0,0,0,0,0,0,0,0,0,0,0,0,0,0,0,0,0,0,0,0,0,0,0,0,0,0,0,0,0,0,0,0,0,0,0,0,0,0,0,0,0,0,0,0,0.57,1.64,1.61,4.81,1.41,1.13,1.24,1.95,2.07,2.8,2.5,1.36,1.88,2.63,2.91,2.83,3.42,2.43,2.3,3.04,3.07,3.63,4.04,2.68,2.64,3.14,3.19,3.19,3.63,2.91,3.16,3.33,3.35,3.69,3.37,3.69,3.84,3.91,3.27,3.1,3.82,3.9,3.39,3.49,3.51,3.33,3.64,3.92,4.81,4.11,3.57,4.21,4.34,4.54,3.95,3.62,0,0,0,0,0,0,0,0,0,0,0,0,0,0,0,0,0,0,0,0,0,0,0,0,0,0,0,0,0,0,0,0,0,0,0,0,0,0,0,0,0,0,0,0,0,0,0,0,0,0,0,0,0,0,0,0,0,0,0,0,0,0,0,0,0,0,0,0,0,0,0,0,0,0,0,0,0,0,0,0,0,0,0,0,0,0,0,0,0,0,0,0,0,0,0,0,0,0,0,0,0,0,0,0,0,0,0,0,0,0,0,0,0,0,0,0,0,0,0,0,0,0,0,0,0,0,0,0,0,0,0,0,0,0,0,0,0,0,0,0,0,0,0,0,0
304,2,3,112,row,41,31,69,59,61,63,69,69,61,61,65,71,59,61,65,71,65,63,69,69,69,71,63,71,71,71,65,69,71,69,69,67,71,67,69,71,71,71,65,69,71,71,71,71,67,71,69,69,69,71,69,71,71,71,69,71,67,69,71,71,67,69,71,67,71,71,71,71,71,71,67,71,67,0,0,0,0,0,0,0,0,0,0,0,0,0,0,0,0,0,0,0,0,0,0,0,0,0,0,0,0,0,0,0,0,0,0,0,0,0,0,0,0,0,0,0,0,0,0,0,0,0,0,0,0,0,0,0,0,0,0,0,0,0,0,0,0,0,0,0,0,0,0,0,0,0,0,0,0,0,0,0,0,0,0,0,0,0,0,0,0,0,0,0,0,0,0,0,0,0,0,0,0,0,0,0,0,0,0,0,0,0,0,0,0,0,0,0,0,0,0,0,0,0,0,0,0,0,0,16.51,25.4,30.48,35.56,41.91,50.8,54.61,54.61,60.96,68.58,68.58,68.58,71.12,81.28,88.9,91.44,93.98,93.98,95.25,101.6,104.14,105.41,106.68,110.49,110.49,111.76,111.76,114.3,114.3,114.3,116.84,118.11,121.92,124.46,124.46,124.46,125.73,127,129.54,129.54,129.54,130.81,132.08,134.62,134.62,134.62,135.89,135.89,135.89,135.89,137.16,137.16,137.16,139.7,139.7,139.7,139.7,140.97,140.97,142.24,142.24,142.24,143.51,144.78,146.05,146.05,147.32,152.4,154.94,154.94,162.56,165.1,170.18,0,0,0,0,0,0,0,0,0,0,0,0,0,0,0,0,0,0,0,0,0,0,0,0,0,0,0,0,0,0,0,0,0,0,0,0,0,0,0,0,0,0,0,0,0,0,0,0,0,0,0,0,0,0,0,0,0,0,0,0,0,0,0,0,0,0,0,0,0,0,0,0,0,0,0,0,0,0,0,0,0,0,0,0,0,0,0,0,0,0,0,0,0,0,0,0,0,0,0,0,0,0,0,0,0,0,0,0,0,0,0,0,0,0,0,0,0,0,0,0,0,0,0,0,0.41,0.48,0.45,0.8,0.47,0.65,0.64,0.43,0.98,1,2.29,1.31,1.65,1.01,1.12,1.23,1.17,1.63,1.41,2,1.5,1.97,2.22,1.81,1.95,1.92,2.03,2.06,1.67,2.03,2.15,1.49,1.59,2.1,2.42,2.4,2.11,2.26,2.63,2.06,2.83,2.27,2.41,2.77,2.3,2.4,2.42,2.72,1.88,2.49,3.08,2.68,2.79,2.81,3.34,2.48,3.2,2.65,2.71,2.71,3.2,2.47,2.25,2.71,3.21,3.13,2.94,3.16,3.31,3.2,3.94,0,0,0,0,0,0,0,0,0,0,0,0,0,0,0,0,0,0,0,0,0,0,0,0,0,0,0,0,0,0,0,0,0,0,0,0,0,0,0,0,0,0,0,0,0,0,0,0,0,0,0,0,0,0,0,0,0,0,0,0,0,0,0,0,0,0,0,0,0,0,0,0,0,0,0,0,0,0,0,0,0,0,0,0,0,0,0,0,0,0,0,0,0,0,0,0,0,0,0,0,0,0,0,0,0,0,0,0,0,0,0,0,0,0,0,0,0,0,0,0,0,0,0,0,0,0,0,0
305,2,3,168,row,53,59,59,61,69,61,69,63,69,61,63,61,69,65,69,71,65,71,69,71,71,71,71,65,63,71,69,69,67,69,67,71,71,61,69,69,71,63,71,69,71,71,71,59,71,71,69,71,71,61,71,69,71,63,71,71,71,71,71,71,71,71,71,71,71,71,71,71,69,71,71,69,69,69,61,71,71,71,71,71,63,69,69,71,71,69,71,71,71,69,65,71,71,71,69,71,71,71,69,71,69,69,71,71,71,71,69,71,69,71,71,71,71,71,71,69,71,71,71,71,71,71,69,71,71,69,71,71,71,71,69,69,71,71,71,69,71,71,69,71,71,71,71,69,71,71,71,71,71,71,71,69,71,71,71,71,71,71,69,71,71,71,71,69,71,69,71,71,71,71,71,71,71,71,71,71,71,67,71,69,71,67,71,71,69,71,69,71,71,71,71,71,71,71,69,71,67,69,71,22.86,24.13,25.4,30.48,33.02,33.02,38.1,43.18,43.18,45.72,48.26,48.26,48.26,48.26,49.53,52.07,53.34,55.88,55.88,55.88,55.88,55.88,55.88,57.15,58.42,58.42,59.69,60.96,60.96,60.96,60.96,63.5,63.5,63.5,64.77,66.04,66.04,66.04,66.04,67.31,68.58,68.58,68.58,69.85,69.85,69.85,69.85,71.12,71.12,71.12,71.12,71.12,72.39,73.66,73.66,73.66,73.66,73.66,73.66,73.66,73.66,73.66,73.66,73.66,73.66,74.93,74.93,76.2,76.2,76.2,76.2,76.2,76.2,76.2,76.2,78.74,78.74,78.74,78.74,78.74,78.74,78.74,78.74,78.74,78.74,80.01,81.28,81.28,81.28,81.28,81.28,81.28,81.28,81.28,82.55,83.82,83.82,83.82,83.82,83.82,83.82,83.82,83.82,83.82,85.09,86.36,86.36,86.36,86.36,86.36,86.36,86.36,86.36,87.63,88.9,88.9,88.9,88.9,88.9,91.44,91.44,91.44,91.44,91.44,91.44,93.98,93.98,93.98,93.98,93.98,96.52,96.52,96.52,96.52,96.52,96.52,97.79,99.06,99.06,99.06,99.06,99.06,99.06,99.06,99.06,99.06,100.33,100.33,100.33,101.6,101.6,101.6,101.6,101.6,101.6,102.87,102.87,102.87,102.87,104.14,104.14,104.14,104.14,104.14,104.14,105.41,106.68,106.68,106.68,106.68,106.68,106.68,106.68,106.68,107.95,107.95,109.22,109.22,111.76,111.76,111.76,114.3,114.3,114.3,115.57,116.84,116.84,118.11,119.38,119.38,121.92,121.92,124.46,129.54,132.08,0.57,0.18,1.35,0.18,0.43,0.9,0.19,0.68,1.06,0.98,0.66,1.08,1.39,1.47,1.39,0.57,0.92,0.39,0.56,0.57,0.61,0.75,1.05,1.34,0.32,0.34,1.55,0.55,0.55,1.42,1.74,0.45,0.94,1.05,1,0.52,0.82,1.04,1.83,1.04,0.52,1.04,1.11,0.79,0.99,1.42,1.43,0.81,0.81,0.89,0.91,0.95,1.09,0.96,1,1.01,1.04,1.08,1.22,1.23,1.26,1.27,1.46,1.65,1.7,1.03,1.26,0.85,0.86,0.92,0.98,1.19,1.25,1.27,1.82,0.93,0.97,1,1.05,1.08,1.1,1.18,1.25,1.34,1.41,1.47,0.03,0.72,0.88,1.06,1.2,1.25,1.28,1.37,1.59,0.87,1.13,1.24,1.26,1.27,1.27,1.3,1.41,1.45,1.46,1.03,1.04,1.17,1.2,1.32,1.39,1.44,1.51,1.25,1.19,1.25,1.5,1.64,1.94,0.61,1.05,1.19,1.3,1.57,1.87,1.03,1.15,1.32,1.42,1.58,0.58,0.93,1.22,1.26,1.34,1.83,1.89,0.72,1.27,1.41,1.46,1.68,1.71,1.77,1.99,1.99,1.35,1.6,1.97,0.73,1.09,1.26,1.29,1.31,1.81,1.39,1.45,1.47,1.82,1.51,1.52,1.53,1.7,1.76,1.95,1.92,1.24,1.27,1.46,1.48,1.64,1.75,1.78,1.92,1.95,2.33,1.6,1.87,1.42,2.14,2.62,1.78,2.12,2.56,1.9,1.85,2.26,2.38,2.05,2.13,1.92,2.14,2.33,2.95,2.18,0.51,0.77,0.85,1.51,1.76,1.91
306,2,3,28,row,37,37,59,59,61,59,59,61,59,59,59,61,59,59,59,59,59,61,61,59,59,59,61,59,63,59,59,61,61,61,63,61,63,61,61,61,61,59,61,61,59,65,61,0,0,0,0,0,0,0,0,0,0,0,0,0,0,0,0,0,0,0,0,0,0,0,0,0,0,0,0,0,0,0,0,0,0,0,0,0,0,0,0,0,0,0,0,0,0,0,0,0,0,0,0,0,0,0,0,0,0,0,0,0,0,0,0,0,0,0,0,0,0,0,0,0,0,0,0,0,0,0,0,0,0,0,0,0,0,0,0,0,0,0,0,0,0,0,0,0,0,0,0,0,0,0,0,0,0,0,0,0,0,0,0,0,0,0,0,0,0,0,0,0,0,0,0,0,0,0,0,0,0,0,0,0,0,0,0,0,0,0,0,0,0,0,0,0,0,0,0,0,0,0,0,0,0,0,0,26.67,35.56,44.45,45.72,63.5,74.93,88.9,90.17,93.98,96.52,101.6,101.6,102.87,104.14,104.14,106.68,106.68,109.22,109.22,109.22,111.76,114.3,115.57,116.84,120.65,121.92,123.19,127,127,129.54,134.62,134.62,137.16,137.16,139.7,140.97,144.78,144.78,149.86,152.4,152.4,153.67,153.67,0,0,0,0,0,0,0,0,0,0,0,0,0,0,0,0,0,0,0,0,0,0,0,0,0,0,0,0,0,0,0,0,0,0,0,0,0,0,0,0,0,0,0,0,0,0,0,0,0,0,0,0,0,0,0,0,0,0,0,0,0,0,0,0,0,0,0,0,0,0,0,0,0,0,0,0,0,0,0,0,0,0,0,0,0,0,0,0,0,0,0,0,0,0,0,0,0,0,0,0,0,0,0,0,0,0,0,0,0,0,0,0,0,0,0,0,0,0,0,0,0,0,0,0,0,0,0,0,0,0,0,0,0,0,0,0,0,0,0,0,0,0,0,0,0,0,0,0,0,0,0,0,0.44,1.65,0.64,1.04,1.26,1.08,2.16,1.37,2.3,1.73,1.93,2.15,2.83,2.37,2.54,2.33,2.52,2.12,2.44,2.56,2.99,2.69,2.22,2.35,2.88,2.78,3.18,2.4,2.9,2.94,2.28,3.46,3.17,3.89,2.75,3.77,3.45,3.9,3.86,3.49,4.53,3.59,3.84,0,0,0,0,0,0,0,0,0,0,0,0,0,0,0,0,0,0,0,0,0,0,0,0,0,0,0,0,0,0,0,0,0,0,0,0,0,0,0,0,0,0,0,0,0,0,0,0,0,0,0,0,0,0,0,0,0,0,0,0,0,0,0,0,0,0,0,0,0,0,0,0,0,0,0,0,0,0,0,0,0,0,0,0,0,0,0,0,0,0,0,0,0,0,0,0,0,0,0,0,0,0,0,0,0,0,0,0,0,0,0,0,0,0,0,0,0,0,0,0,0,0,0,0,0,0,0,0,0,0,0,0,0,0,0,0,0,0,0,0,0,0,0,0,0,0,0,0,0,0,0,0,0,0,0,0,0,0
307,2,3,28,grid,41,59,59,59,59,59,59,59,59,59,59,59,59,59,63,59,59,59,59,59,59,59,59,59,59,59,59,63,59,59,59,65,59,59,59,59,61,59,59,59,59,61,59,0,0,0,0,0,0,0,0,0,0,0,0,0,0,0,0,0,0,0,0,0,0,0,0,0,0,0,0,0,0,0,0,0,0,0,0,0,0,0,0,0,0,0,0,0,0,0,0,0,0,0,0,0,0,0,0,0,0,0,0,0,0,0,0,0,0,0,0,0,0,0,0,0,0,0,0,0,0,0,0,0,0,0,0,0,0,0,0,0,0,0,0,0,0,0,0,0,0,0,0,0,0,0,0,0,0,0,0,0,0,0,0,0,0,0,0,0,0,0,0,0,0,0,0,0,0,0,0,0,0,0,0,0,0,0,0,0,0,0,0,0,0,0,0,0,0,0,0,0,0,0,0,0,0,0,0,30.48,48.26,77.47,83.82,86.36,92.71,95.25,95.25,96.52,100.33,101.6,104.14,107.95,110.49,111.76,114.3,114.3,115.57,116.84,118.11,118.11,119.38,123.19,125.73,127,127,128.27,129.54,129.54,129.54,130.81,130.81,132.08,133.35,137.16,139.7,139.7,140.97,144.78,144.78,144.78,149.86,152.4,0,0,0,0,0,0,0,0,0,0,0,0,0,0,0,0,0,0,0,0,0,0,0,0,0,0,0,0,0,0,0,0,0,0,0,0,0,0,0,0,0,0,0,0,0,0,0,0,0,0,0,0,0,0,0,0,0,0,0,0,0,0,0,0,0,0,0,0,0,0,0,0,0,0,0,0,0,0,0,0,0,0,0,0,0,0,0,0,0,0,0,0,0,0,0,0,0,0,0,0,0,0,0,0,0,0,0,0,0,0,0,0,0,0,0,0,0,0,0,0,0,0,0,0,0,0,0,0,0,0,0,0,0,0,0,0,0,0,0,0,0,0,0,0,0,0,0,0,0,0,0,0,1.52,1.68,1.92,2.78,3.25,2.93,2.58,2.74,2.77,2.91,2.2,3.15,3.19,3.02,2.9,2.67,3.43,4.09,3.42,3.25,3.85,3.87,3.22,3.38,3.66,4.36,3.65,3.7,3.71,3.87,3.96,4.5,3.86,4,3.91,3.76,4.38,3.64,3.85,4.01,4.18,4,4.72,0,0,0,0,0,0,0,0,0,0,0,0,0,0,0,0,0,0,0,0,0,0,0,0,0,0,0,0,0,0,0,0,0,0,0,0,0,0,0,0,0,0,0,0,0,0,0,0,0,0,0,0,0,0,0,0,0,0,0,0,0,0,0,0,0,0,0,0,0,0,0,0,0,0,0,0,0,0,0,0,0,0,0,0,0,0,0,0,0,0,0,0,0,0,0,0,0,0,0,0,0,0,0,0,0,0,0,0,0,0,0,0,0,0,0,0,0,0,0,0,0,0,0,0,0,0,0,0,0,0,0,0,0,0,0,0,0,0,0,0,0,0,0,0,0,0,0,0,0,0,0,0,0,0,0,0,0,0
308,2,3,168,grid,69,61,65,59,59,65,61,61,61,65,65,69,63,61,61,61,69,69,61,59,69,69,61,71,71,71,61,69,69,61,61,61,69,69,71,69,71,61,67,71,63,71,61,67,67,63,71,69,71,71,71,69,71,61,71,61,67,71,71,71,71,0,71,71,69,69,71,63,71,71,71,69,69,71,69,69,71,71,71,71,71,71,69,71,71,71,71,67,71,71,69,61,71,71,71,71,71,71,71,65,71,71,67,71,69,71,71,69,67,0,0,0,0,0,0,0,0,0,0,0,0,0,0,0,0,0,0,0,0,0,0,0,0,0,0,0,0,0,0,0,0,0,0,0,0,0,0,0,0,0,0,0,0,0,0,0,0,0,0,0,0,0,0,0,0,0,0,0,0,0,0,0,0,0,0,0,0,0,0,0,0,0,0,0,0,0,0,0,0,0,0,0,0,0,0,0,0,0,0,19.05,40.64,40.64,43.18,43.18,43.18,46.99,48.26,50.8,50.8,52.07,52.07,53.34,55.88,55.88,55.88,55.88,58.42,60.96,60.96,63.5,66.04,69.85,71.12,73.66,73.66,74.93,76.2,76.2,77.47,80.01,83.82,83.82,85.09,86.36,86.36,86.36,87.63,88.9,88.9,88.9,93.98,93.98,93.98,96.52,96.52,96.52,100.33,101.6,101.6,101.6,102.87,104.14,104.14,104.14,105.41,106.68,106.68,106.68,106.68,106.68,106.68,107.95,107.95,109.22,109.22,109.22,109.22,110.49,110.49,111.76,111.76,111.76,113.03,114.3,114.3,114.3,114.3,115.57,115.57,116.84,116.84,116.84,116.84,118.11,119.38,119.38,119.38,119.38,119.38,119.38,119.38,121.92,124.46,125.73,125.73,127,127,127,128.27,128.27,129.54,129.54,129.54,132.08,132.08,134.62,137.16,138.43,0,0,0,0,0,0,0,0,0,0,0,0,0,0,0,0,0,0,0,0,0,0,0,0,0,0,0,0,0,0,0,0,0,0,0,0,0,0,0,0,0,0,0,0,0,0,0,0,0,0,0,0,0,0,0,0,0,0,0,0,0,0,0,0,0,0,0,0,0,0,0,0,0,0,0,0,0,0,0,0,0,0,0,0,0,0,0.25,0.23,0.28,0.42,0.48,0.78,0.24,0.35,0.32,0.47,0.27,1.19,0.45,0.25,0.41,0.52,0.63,0.4,0.68,1.02,0.75,0.96,0.78,0.85,0.89,1.41,1.04,0.85,1.69,1.09,1.35,1,1.52,1.35,1.05,1.08,1.5,1.58,0.79,1.48,1.57,1.45,1.51,1.69,1.29,1.5,1.77,1.96,1.43,1.44,1.63,0.97,1.49,1.73,1.86,2.06,1.28,1.48,1.56,1.71,2.05,2.96,1.56,1.7,1.58,1.59,1.98,1.99,1.42,2.06,1.54,2.15,2.34,1.56,1.47,1.76,2.22,2.37,1.93,2.41,1.83,1.89,1.94,2.16,1.71,1.91,1.99,2.14,2.17,2.48,2.53,2.73,2.38,2.95,2.13,2.39,0.75,1.96,3.07,2.28,2.48,2.16,2.26,3.03,1.81,2.17,2.67,2.77,3.11,0,0,0,0,0,0,0,0,0,0,0,0,0,0,0,0,0,0,0,0,0,0,0,0,0,0,0,0,0,0,0,0,0,0,0,0,0,0,0,0,0,0,0,0,0,0,0,0,0,0,0,0,0,0,0,0,0,0,0,0,0,0,0,0,0,0,0,0,0,0,0,0,0,0,0,0,0,0,0,0,0,0,0,0,0,0,0,0,0,0,0,0
309,2,3,112,grid,59,61,61,61,61,59,59,61,61,61,61,59,61,59,65,59,61,61,63,63,71,61,71,63,71,71,71,71,69,71,71,69,63,71,69,63,61,71,61,65,71,63,69,69,65,65,71,69,71,67,65,69,71,69,63,71,67,71,71,71,71,71,71,71,71,61,69,71,61,71,61,69,67,69,63,71,71,71,71,69,67,69,71,71,71,69,67,71,71,71,71,71,71,71,63,69,65,71,69,71,71,67,67,69,71,71,71,63,71,71,69,71,0,0,0,0,0,0,0,0,0,0,0,0,0,0,0,0,0,0,0,0,0,0,0,0,0,0,0,0,0,0,0,0,0,0,0,0,0,0,0,0,0,0,0,0,0,0,0,0,0,0,0,0,0,0,0,0,0,0,0,0,0,0,0,0,0,0,0,0,0,0,0,0,0,0,0,0,0,0,0,0,0,0,0,0,0,0,0,26.67,30.48,30.48,38.1,43.18,43.18,50.8,53.34,54.61,58.42,60.96,63.5,63.5,66.04,68.58,68.58,69.85,72.39,73.66,76.2,77.47,77.47,78.74,80.01,81.28,82.55,85.09,86.36,86.36,86.36,86.36,88.9,88.9,88.9,88.9,90.17,91.44,91.44,91.44,91.44,92.71,92.71,93.98,93.98,93.98,96.52,96.52,96.52,97.79,97.79,97.79,99.06,99.06,99.06,99.06,101.6,101.6,101.6,101.6,102.87,104.14,104.14,104.14,104.14,105.41,105.41,106.68,106.68,106.68,109.22,109.22,109.22,109.22,110.49,110.49,111.76,111.76,111.76,111.76,111.76,111.76,111.76,114.3,114.3,114.3,114.3,114.3,114.3,115.57,115.57,115.57,116.84,116.84,116.84,116.84,116.84,116.84,118.11,119.38,119.38,119.38,119.38,121.92,121.92,121.92,121.92,121.92,123.19,123.19,124.46,124.46,127,0,0,0,0,0,0,0,0,0,0,0,0,0,0,0,0,0,0,0,0,0,0,0,0,0,0,0,0,0,0,0,0,0,0,0,0,0,0,0,0,0,0,0,0,0,0,0,0,0,0,0,0,0,0,0,0,0,0,0,0,0,0,0,0,0,0,0,0,0,0,0,0,0,0,0,0,0,0,0,0,0,0,0,1.1,0.26,0.35,0.25,0.77,1.14,1.67,0.62,0.87,0.59,1.01,1.24,1.87,1.31,1.33,1.62,1.7,0.82,1.91,1.57,1.77,1.92,2.08,1.17,1.71,1.97,2.19,1.29,1.42,1.52,1.66,1.32,2.06,2.07,2.5,2.49,1.5,1.83,2.15,2.24,1.96,2.23,1.75,1.78,2.01,1.93,1.97,2.84,1.84,2.36,2.92,1.56,2.02,2.54,2.58,1.69,1.79,1.96,2.94,1.78,1.86,1.95,2.09,2.52,1.57,2.61,2.06,2.47,3.1,2.08,2.29,2.47,2.7,2.38,2.41,1.98,2,2.08,2.12,2.37,2.51,2.54,2.06,2.23,2.37,2.49,2.53,2.61,2.85,2.92,3,2.37,2.54,2.55,2.7,2.88,3,2.09,2.64,2.67,3,3.1,2.59,2.64,2.74,2.91,3.1,2.37,2.56,2.89,3.39,3.54,0,0,0,0,0,0,0,0,0,0,0,0,0,0,0,0,0,0,0,0,0,0,0,0,0,0,0,0,0,0,0,0,0,0,0,0,0,0,0,0,0,0,0,0,0,0,0,0,0,0,0,0,0,0,0,0,0,0,0,0,0,0,0,0,0,0,0,0,0,0,0,0,0,0,0,0,0,0,0,0,0,0,0,0,0,0,0,0,0