plot,block,rate,year,pattern,sp_can_weedy,sp_can,steme.n,erpve.n,cervu.n,vioar.n,carhi.n,lamam.n,verar.n,un1.n,un2.n,tarof.n,thistle.n,poaan.n,weeds.apr.n,steme.n.ra,erpve.n.ra,cervu.n.ra,vioar.n.ra,carhi.n.ra,lamam.n.ra,verar.n.ra,un1.n.ra,un2.n.ra,tarof.n.ra,thistle.n.ra,poaan.n.ra,rye_g,rye_bio,weeds_g,weed_bio,verar_bio,abuth_bio,lamam_bio,cervu_bio,steme_bio,erpve_bio,tarof_bio,cheal_bio,setfa_bio,prnso_bio,trfre_bio,poatr_bio,unknown_bl_bio,medlu_bio,oxast_bio,vioar_bio,thlar_bio,verpg_bio,cirae_bio,ambel_bio,carhi_bio,weed_bio_tot,verar_bio.ra,abuth_bio.ra,lamam_bio.ra,cervu_bio.ra,steme_bio.ra,erpve_bio.ra,tarof_bio.ra,cheal_bio.ra,setfa_bio.ra,prnso_bio.ra,trfre_bio.ra,poatr_bio.ra,unknown_bl_bio.ra,medlu_bio.ra,oxast_bio.ra,vioar_bio.ra,thlar_bio.ra,verpg_bio.ra,cirae_bio.ra,ambel_bio.ra,carhi_bio.ra,weed_bio_tot_red,verar_bio.ra.red,abuth_bio.ra.red,lamam_bio.ra.red,cervu_bio.ra.red,steme_bio.ra.red,erpve_bio.ra.red,tarof_bio.ra.red,cheal_bio.ra.red,setfa_bio.ra.red,prnso_bio.ra.red,poatr_bio.ra.red,medlu_bio.ra.red,vioar_bio.ra.red,thlar_bio.ra.red,verpg_bio.ra.red,cirae_bio.ra.red,peak_counts,AMBEL,AMARE,SETFA,SETPU,DIGSA,DIGIS,VIOAR,OXAST,CHEAL,ERICA,SECCE,CERVU,MEDLU,SOPT7,VERAR,ABUTH,TAROF,STEME,ANGAR,TRFPR,PLAMA,ACCVI,CYPES,POLPE,CRUNU,PANDI,PRNSO,PLALA,VERPG,THLAR,POLCO,VICVI,POAAN,WEED.N,AMBEL.RA,AMARE.RA,SETFA.RA,SETPU.RA,DIGSA.RA,DIGIS.RA,VIOAR.RA,OXAST.RA,CHEAL.RA,ERICA.RA,SECCE.RA,CERVU.RA,MEDLU.RA,SOPT7.RA,VERAR.RA,ABUTH.RA,TAROF.RA,STEME.RA,ANGAR.RA,TRFPR.RA,PLAMA.RA,ACCVI.RA,CYPES.RA,POLPE.RA,CRUNU.RA,PANDI.RA,PRNSO.RA,PLALA.RA,VERPG.RA,THLAR.RA,POLCO.RA,VICVI.RA,POAAN.RA,WEED.N.RED,AMBEL.RA.RED,AMARE.RA.RED,SETFA.RA.RED,SETPU.RA.RED,DIGSA.RA.RED,DIGIS.RA.RED,VIOAR.RA.RED,OXAST.RA.RED,CHEAL.RA.RED,ERICA.RA.RED,SECCE.RA.RED,MEDLU.RA.RED,ABUTH.RA.RED,TAROF.RA.RED,ANGAR.RA.RED,TRFPR.RA.RED,CYPES.RA.RED,CRUNU.RA.RED,POAAN.RA.RED,ambel.g,amare.g,setfa.g,setpu.g,digsa.g,digis.g,vioar.g,oxast.g,cheal.g,erica.g,secce.g,cervu.g,medlu.g,sopt7.g,verar.g,abuth.g,tarof.g,steme.g,angar.g,trfre.g,plama.g,accvi.g,cypes.g,polpe.g,crunu.g,pandi.g,prnso.g,plala.g,verpg.g,thlar.g,polco.g,vicvi.g,poaan.g,weed.g,weed.bio,ambel.g.ra,amare.g.ra,setfa.g.ra,setpu.g.ra,digsa.g.ra,digis.g.ra,vioar.g.ra,oxast.g.ra,cheal.g.ra,erica.g.ra,secce.g.ra,cervu.g.ra,medlu.g.ra,sopt7.g.ra,verar.g.ra,abuth.g.ra,tarof.g.ra,steme.g.ra,angar.g.ra,trfre.g.ra,plama.g.ra,accvi.g.ra,cypes.g.ra,polpe.g.ra,crunu.g.ra,pandi.g.ra,prnso.g.ra,plala.g.ra,verpg.g.ra,thlar.g.ra,polco.g.ra,vicvi.g.ra,poaan.g.ra,weed.g.red,ambel.g.ra.red,setfa.g.ra.red,setpu.g.ra.red,digsa.g.ra.red,digis.g.ra.red,cheal.g.ra.red,erica.g.ra.red,secce.g.ra.red,medlu.g.ra.red,abuth.g.ra.red,tarof.g.ra.red,trfre.g.ra.red,crunu.g.ra.red,vicvi.g.ra.red
101,1,112,2022,row,0.1403,0.1335,1,8,0,0,0,0,0,0,0,0,0,0,9,11.11111111,88.88888889,0,0,0,0,0,0,0,0,0,0,99.8,3992,0.513,20.52,0.017,0,0,0,0.018,0.06,0,0,0,0,0,0,0,0,0,0.418,0,0,0,0,0,0.513,3.313840156,0,0,0,3.50877193,11.69590643,0,0,0,0,0,0,0,0,0,81.48148148,0,0,0,0,0,0.496,3.427419355,na,0,0,3.629032258,12.09677419,na,na,0,na,na,na,84.27419355,0,0,0,328,12,0,267,0,0,2,0,2,0,4,41,0,0,0,0,0,0,0,0,0,0,0,0,0,0,0,0,0,0,0,0,0,0,328,3.658536585,0,81.40243902,0,0,0.609756098,0,0.609756098,0,1.219512195,12.5,0,0,0,0,0,0,0,0,0,0,0,0,0,0,0,0,0,0,0,0,0,0,328,3.658536585,0,81.40243902,0,0,0.609756098,0,0.609756098,na,1.219512195,12.5,0,na,na,na,0,na,0,0,20,0,48.5,0,0,0.074,0,0.042,0,0.076,13.4,0,0,0,0,0,0,0,0,0,0,0,0,0,0,0,0,0,0,0,0,0,0,82.092,1641.84,24.36290991,0,59.08005652,0,0,0.090142767,0,0.051162111,0,0.092579058,16.32314964,0,0,0,0,0,0,0,0,0,0,0,0,0,0,0,0,0,0,0,0,0,0,82.05,24.37538087,59.1102986,0,na,0.090188909,na,0.092626447,16.33150518,0,na,0,0,0,0
102,1,28,2022,row,0.1593,0.1619,3,1,0,0,0,0,0,0,0,0,0,0,4,75,25,0,0,0,0,0,0,0,0,0,0,57.2,2288,0.112,4.48,0,0,0,0,0.112,0,0,0,0,0,0,0,0,0,0,0,0,0,0,0,0,0.112,0,0,0,0,100,0,0,0,0,0,0,0,0,0,0,0,0,0,0,0,0,0.112,0,na,0,0,100,0,na,na,0,na,na,na,0,0,0,0,179,19,0,135,0,0,4,0,1,0,2,18,0,0,0,0,0,0,0,0,0,0,0,0,0,0,0,0,0,0,0,0,0,0,179,10.61452514,0,75.41899441,0,0,2.234636872,0,0.558659218,0,1.117318436,10.05586592,0,0,0,0,0,0,0,0,0,0,0,0,0,0,0,0,0,0,0,0,0,0,179,10.61452514,0,75.41899441,0,0,2.234636872,0,0.558659218,na,1.117318436,10.05586592,0,na,na,na,0,na,0,0,41.7,0,29.7,0,0,0.233,0,0.03,0,0.544,8.7,0,0,0,0,0,0,0,0,0,0,0,0,0,0,0,0,0,0,0,0,0,0,80.907,1618.14,51.54065779,0,36.70881382,0,0,0.28798497,0,0.03707961,0,0.672376927,10.75308688,0,0,0,0,0,0,0,0,0,0,0,0,0,0,0,0,0,0,0,0,0,0,80.877,51.55977596,36.72243036,0,na,0.288091794,na,0.672626334,10.75707556,0,na,0,0,0,0
103,1,112,2022,grid,0.0786,0.0683,4,9,0,0,0,0,0,0,0,0,0,0,13,30.76923077,69.23076923,0,0,0,0,0,0,0,0,0,0,66.2,2648,0.122,4.88,0.009,0,0,0,0.113,0,0,0,0,0,0,0,0,0,0,0,0,0,0,0,0,0.122,7.37704918,0,0,0,92.62295082,0,0,0,0,0,0,0,0,0,0,0,0,0,0,0,0,0.113,7.96460177,na,0,0,100,0,na,na,0,na,na,na,0,0,0,0,109,19,0,82,2,1,0,0,1,0,1,3,0,0,0,0,0,0,0,0,0,0,0,0,0,0,0,0,0,0,0,0,0,0,109,17.43119266,0,75.2293578,1.834862385,0.917431193,0,0,0.917431193,0,0.917431193,2.752293578,0,0,0,0,0,0,0,0,0,0,0,0,0,0,0,0,0,0,0,0,0,0,109,17.43119266,0,75.2293578,1.834862385,0.917431193,0,0,0.917431193,na,0.917431193,2.752293578,0,na,na,na,0,na,0,0,26.1,0,24.161,0.294,0.019,0,0.117,0.024,0,0.03,0.38,0,0,0,0,0,0,0,0,0,0,0,0,0,0,0,0,0,0,0,0,0,0,51.125,1022.5,51.05134474,0,47.25867971,0.575061125,0.037163814,0,0.228850856,0.046943765,0,0.058679707,0.743276284,0,0,0,0,0,0,0,0,0,0,0,0,0,0,0,0,0,0,0,0,0,0,50.965,51.21161581,47.40704405,0.576866477,na,0,na,0.058863926,0.745609732,0,na,0,0,0,0
104,1,56,2022,row,0.1769,0.1793,5,0,0,0,0,0,0,0,0,0,0,0,5,100,0,0,0,0,0,0,0,0,0,0,0,73.3,2932,0.057,2.28,0.037,0,0,0,0.02,0,0,0,0,0,0,0,0,0,0,0,0,0,0,0,0,0.057,64.9122807,0,0,0,35.0877193,0,0,0,0,0,0,0,0,0,0,0,0,0,0,0,0,0.02,185,na,0,0,100,0,na,na,0,na,na,na,0,0,0,0,220,19,0,163,0,1,0,5,1,0,1,30,0,0,0,0,0,0,0,0,0,0,0,0,0,0,0,0,0,0,0,0,0,0,220,8.636363636,0,74.09090909,0,0.454545455,0,2.272727273,0.454545455,0,0.454545455,13.63636364,0,0,0,0,0,0,0,0,0,0,0,0,0,0,0,0,0,0,0,0,0,0,220,8.636363636,0,74.09090909,0,0.454545455,0,2.272727273,0.454545455,na,0.454545455,13.63636364,0,na,na,na,0,na,0,0,24.6,0,31.884,0,0.011,0,0.209,0.028,0,0.031,10.2,0,0,0,0,0,0,0,0,0,0,0,0,0,0,0,0,0,0,0,0,0,0,66.963,1339.26,36.73670534,0,47.6143542,0,0.016426982,0,0.312112659,0.041814136,0,0.046294222,15.23229246,0,0,0,0,0,0,0,0,0,0,0,0,0,0,0,0,0,0,0,0,0,0,66.715,36.87326688,47.79135127,0,na,0,na,0.046466312,15.28891554,0,na,0,0,0,0
105,1,168,2022,grid,0.1344,0.1247,6,0,0,0,0,1,0,0,0,0,0,0,7,85.71428571,0,0,0,0,14.28571429,0,0,0,0,0,0,47.2,1888,0,0,0,0,0,0,0,0,0,0,0,0,0,0,0,0,0,0,0,0,0,0,0,0,na,na,na,na,na,na,na,na,na,na,na,na,na,na,na,na,na,na,na,na,na,0,na,na,na,na,na,na,na,na,na,na,na,na,na,na,na,na,167,29,0,108,0,0,0,0,1,0,2,27,0,0,0,0,0,0,0,0,0,0,0,0,0,0,0,0,0,0,0,0,0,0,167,17.36526946,0,64.67065868,0,0,0,0,0.598802395,0,1.19760479,16.16766467,0,0,0,0,0,0,0,0,0,0,0,0,0,0,0,0,0,0,0,0,0,0,167,17.36526946,0,64.67065868,0,0,0,0,0.598802395,na,1.19760479,16.16766467,0,na,na,na,0,na,0,0,40.8,0,23.216,0,0,0,0,0.041,0,0.165,3.7,0,0,0,0,0,0,0,0,0,0,0,0,0,0,0,0,0,0,0,0,0,0,67.922,1358.44,60.06890256,0,34.18038338,0,0,0,0,0.060363358,0,0.242925709,5.447424987,0,0,0,0,0,0,0,0,0,0,0,0,0,0,0,0,0,0,0,0,0,0,67.881,60.10518407,34.20102827,0,na,0,na,0.243072436,5.450715222,0,na,0,0,0,0
106,1,0,2022,na,0,0.0001,0,0,0,0,0,0,0,0,0,0,0,0,0,#DIV/0!,#DIV/0!,#DIV/0!,#DIV/0!,#DIV/0!,#DIV/0!,#DIV/0!,#DIV/0!,#DIV/0!,#DIV/0!,#DIV/0!,#DIV/0!,0,0,0.836,33.44,0,0,0,0,0.828,0,0,0,0.008,0,0,0,0,0,0,0,0,0,0,0,0,0.836,0,0,0,0,99.0430622,0,0,0,0.956937799,0,0,0,0,0,0,0,0,0,0,0,0,0.836,0,na,0,0,99.0430622,0,na,na,0.956937799,na,na,na,0,0,0,0,77,18,0,58,1,0,0,0,0,0,0,0,0,0,0,0,0,0,0,0,0,0,0,0,0,0,0,0,0,0,0,0,0,0,77,23.37662338,0,75.32467532,1.298701299,0,0,0,0,0,0,0,0,0,0,0,0,0,0,0,0,0,0,0,0,0,0,0,0,0,0,0,0,0,77,23.37662338,0,75.32467532,1.298701299,0,0,0,0,na,0,0,0,na,na,na,0,na,0,0,229.5,0,27.882,0.053,0,0,0,0,0,0,0,0,0,0,0,0,0,0,0,0,0,0,0,0,0,0,0,0,0,0,0,0,0,257.435,5148.7,89.14871715,0,10.83069513,0.020587721,0,0,0,0,0,0,0,0,0,0,0,0,0,0,0,0,0,0,0,0,0,0,0,0,0,0,0,0,0,257.435,89.14871715,10.83069513,0.020587721,na,0,na,0,0,0,na,0,0,0,0
107,1,56,2022,grid,0.1749,0.1839,34,4,0,1,0,1,0,0,0,0,0,0,40,85,10,0,2.5,0,2.5,0,0,0,0,0,0,104.8,4192,0.077,3.08,0.03,0,0,0,0.047,0,0,0,0,0,0,0,0,0,0,0,0,0,0,0,0,0.077,38.96103896,0,0,0,61.03896104,0,0,0,0,0,0,0,0,0,0,0,0,0,0,0,0,0.047,63.82978723,na,0,0,100,0,na,na,0,na,na,na,0,0,0,0,196,14,0,146,6,0,0,0,1,0,8,20,0,0,0,0,0,0,0,0,0,0,0,0,0,0,0,0,0,0,0,0,0,1,196,7.142857143,0,74.48979592,3.06122449,0,0,0,0.510204082,0,4.081632653,10.20408163,0,0,0,0,0,0,0,0,0,0,0,0,0,0,0,0,0,0,0,0,0,0.510204082,196,7.142857143,0,74.48979592,3.06122449,0,0,0,0.510204082,na,4.081632653,10.20408163,0,na,na,na,0,na,0,0.510204082,30.4,0,34.366,0.652,0,0,0,0.073,0,0.641,4.7,0,0,0,0,0,0,0,0,0,0,0,0,0,0,0,0,0,0,0,0,0,0.42,71.252,1425.04,42.66546904,0,48.23162859,0.915062033,0,0,0,0.102453264,0,0.89962387,6.596306069,0,0,0,0,0,0,0,0,0,0,0,0,0,0,0,0,0,0,0,0,0,0.589457138,70.759,42.96273266,48.56767337,0.921437556,na,0,na,0.90589183,6.642264588,0,na,0,0,0,0
108,1,28,2022,grid,0.1052,0.1116,4,4,1,0,0,0,0,1,0,0,0,0,10,40,40,10,0,0,0,0,10,0,0,0,0,62.2,2488,0.328,13.12,0.161,0,0,0,0.123,0.002,0,0,0.003,0,0,0,0,0,0,0,0.034,0.005,0,0,0,0.328,49.08536585,0,0,0,37.5,0.609756098,0,0,0.914634146,0,0,0,0,0,0,0,10.36585366,1.524390244,0,0,0,0.167,96.40718563,na,0,0,73.65269461,1.19760479,na,na,1.796407186,na,na,na,0,20.35928144,2.994011976,0,90,10,0,40,1,0,0,3,0,0,2,32,0,0,0,0,1,0,0,0,0,0,0,0,0,0,1,0,0,0,0,0,0,0,90,11.11111111,0,44.44444444,1.111111111,0,0,3.333333333,0,0,2.222222222,35.55555556,0,0,0,0,1.111111111,0,0,0,0,0,0,0,0,0,1.111111111,0,0,0,0,0,0,0,88,11.36363636,0,45.45454545,1.136363636,0,0,3.409090909,0,na,2.272727273,36.36363636,0,na,na,na,0,na,0,0,41.5,0,20.872,0,0,0,0.442,0.157,0,1.537,11.5,0,0,0,0,0.381,0,0,0,0,0,0,0,0,0,0.69,0,0,0,0,0,0,0,77.079,1541.58,53.84086457,0,27.07871145,0,0,0,0.573437642,0.203687126,0,1.994058044,14.91975765,0,0,0,0,0.494298058,0,0,0,0,0,0,0,0,0,0.895185459,0,0,0,0,0,0,0,75.409,55.03321885,27.67839383,0,na,0,na,2.03821825,15.25016908,0,na,0,0,0,0
109,1,168,2022,row,0.1402,0.1485,14,2,0,0,0,1,0,0,0,0,0,0,17,82.35294118,11.76470588,0,0,0,5.882352941,0,0,0,0,0,0,77.9,3116,0,0,0,0,0,0,0,0,0,0,0,0,0,0,0,0,0,0,0,0,0,0,0,0,na,na,na,na,na,na,na,na,na,na,na,na,na,na,na,na,na,na,na,na,na,0,na,na,na,na,na,na,na,na,na,na,na,na,na,na,na,na,139,4,0,118,0,0,2,2,0,0,2,10,0,0,0,0,0,1,0,0,0,0,0,0,0,0,0,0,0,0,0,0,0,0,139,2.877697842,0,84.89208633,0,0,1.438848921,1.438848921,0,0,1.438848921,7.194244604,0,0,0,0,0,0.71942446,0,0,0,0,0,0,0,0,0,0,0,0,0,0,0,0,138,2.898550725,0,85.50724638,0,0,1.449275362,1.449275362,0,na,1.449275362,7.246376812,0,na,na,na,0,na,0,0,5.4,0,51.307,0,0,0.214,0.035,0,0,0.319,1.8,0,0,0,0,0,0.489,0,0,0,0,0,0,0,0,0,0,0,0,0,0,0,0,59.564,1191.28,9.065878719,0,86.13759989,0,0,0.359277416,0.058760325,0,0,0.535558391,3.021959573,0,0,0,0,0,0.820965684,0,0,0,0,0,0,0,0,0,0,0,0,0,0,0,0,59.529,9.071208991,86.18824439,0,na,0.359488653,na,0.535873272,3.02373633,0,na,0.82144837,0,0,0
201,2,112,2022,grid,0.1195,0.1273,3,4,0,0,0,1,0,0,0,0,0,0,8,37.5,50,0,0,0,12.5,0,0,0,0,0,0,51.3,2052,0.044,1.76,0.021,0,0,0,0.023,0,0,0,0,0,0,0,0,0,0,0,0,0,0,0,0,0.044,47.72727273,0,0,0,52.27272727,0,0,0,0,0,0,0,0,0,0,0,0,0,0,0,0,0.023,91.30434783,na,0,0,100,0,na,na,0,na,na,na,0,0,0,0,158,7,1,114,11,0,0,2,0,0,5,12,1,5,0,0,0,0,0,0,0,0,0,0,0,0,0,0,0,0,0,0,0,0,158,4.430379747,0.632911392,72.15189873,6.962025316,0,0,1.265822785,0,0,3.164556962,7.594936709,0.632911392,3.164556962,0,0,0,0,0,0,0,0,0,0,0,0,0,0,0,0,0,0,0,0,157,4.458598726,0.636942675,72.61146497,7.006369427,0,0,1.27388535,0,na,3.184713376,7.643312102,3.184713376,na,na,na,0,na,0,0,16.9,0.016,24.6,1.459,0,0,0.096,0,0,1.888,1.7,0.074,1.4,0,0,0,0,0,0,0,0,0,0,0,0,0,0,0,0,0,0,0,0,48.133,962.66,35.11104648,0.033241227,51.10838718,3.031184426,0,0,0.199447365,0,0,3.922464837,3.531880415,0.153740677,2.9086074,0,0,0,0,0,0,0,0,0,0,0,0,0,0,0,0,0,0,0,0,47.947,35.24725217,51.30665109,3.04294325,na,0,na,3.93768119,3.54558158,2.919890713,na,0,0,0,0
202,2,168,2022,row,0.1151,0.1267,6,11,0,2,0,1,2,0,0,0,0,0,22,27.27272727,50,0,9.090909091,0,4.545454545,9.090909091,0,0,0,0,0,71.3,2852,0.056,2.24,0.056,0,0,0,0,0,0,0,0,0,0,0,0,0,0,0,0,0,0,0,0,0.056,100,0,0,0,0,0,0,0,0,0,0,0,0,0,0,0,0,0,0,0,0,0,na,na,na,na,na,na,na,na,na,na,na,na,na,na,na,na,103,9,3,56,0,7,1,5,1,1,4,15,1,0,0,0,0,0,0,0,0,0,0,0,0,0,0,0,0,0,0,0,0,0,103,8.737864078,2.912621359,54.36893204,0,6.796116505,0.970873786,4.854368932,0.970873786,0.970873786,3.883495146,14.5631068,0.970873786,0,0,0,0,0,0,0,0,0,0,0,0,0,0,0,0,0,0,0,0,0,101,8.910891089,2.97029703,55.44554455,0,6.930693069,0.99009901,4.95049505,0.99009901,na,3.96039604,14.85148515,0,na,na,na,0,na,0,0,29.2,0.093,14.54,0,0.399,0.065,0.343,0.029,0.026,0.675,4.5,0.068,0,0,0,0,0,0,0,0,0,0,0,0,0,0,0,0,0,0,0,0,0,49.938,998.76,58.47250591,0.186230926,29.11610397,0,0.798990749,0.1301614,0.686851696,0.058072009,0.05206456,1.351676078,9.011173856,0.136168849,0,0,0,0,0,0,0,0,0,0,0,0,0,0,0,0,0,0,0,0,0,48.98,59.61616987,29.68558595,0,na,0.132707227,na,1.378113516,9.187423438,0,na,0,0,0,0
203,2,112,2022,row,0.089,0.0914,7,0,0,0,0,0,3,0,0,0,0,0,10,70,0,0,0,0,0,30,0,0,0,0,0,41.7,1668,0.011,0.44,0,0,0,0,0.011,0,0,0,0,0,0,0,0,0,0,0,0,0,0,0,0,0.011,0,0,0,0,100,0,0,0,0,0,0,0,0,0,0,0,0,0,0,0,0,0.011,0,na,0,0,100,0,na,na,0,na,na,na,0,0,0,0,161,7,0,111,7,0,1,5,1,0,1,9,0,0,0,1,0,0,0,0,18,0,0,0,0,0,0,0,0,0,0,0,0,0,161,4.347826087,0,68.94409938,4.347826087,0,0.621118012,3.105590062,0.621118012,0,0.621118012,5.590062112,0,0,0,0.621118012,0,0,0,0,11.18012422,0,0,0,0,0,0,0,0,0,0,0,0,0,160,4.375,0,69.375,4.375,0,0.625,3.125,0.625,na,0.625,5.625,0,na,na,na,11.25,na,0,0,8.6,0,22.777,1.266,0,0.071,0.388,0.134,0,0.048,1.6,0,0,0,0.02,0,0,0,0,2.8,0,0,0,0,0,0,0,0,0,0,0,0,0,37.704,754.08,22.80925101,0,60.41003607,3.357733927,0,0.188308933,1.029068534,0.355399958,0,0.127307447,4.243581583,0,0,0,0.05304477,0,0,0,0,7.42626777,0,0,0,0,0,0,0,0,0,0,0,0,0,37.162,23.14191916,61.29110382,3.406705775,na,0.191055379,na,0.1291642,4.305473333,0,na,0,7.534578333,0,0
204,2,56,2022,row,0.0826,0.0868,3,2,0,0,1,0,0,0,0,0,0,0,6,50,33.33333333,0,0,16.66666667,0,0,0,0,0,0,0,46.8,1872,0.167,6.68,0.167,0,0,0,0,0,0,0,0,0,0,0,0,0,0,0,0,0,0,0,0,0.167,100,0,0,0,0,0,0,0,0,0,0,0,0,0,0,0,0,0,0,0,0,0,na,na,na,na,na,na,na,na,na,na,na,na,na,na,na,na,193,6,0,132,24,0,0,1,0,0,0,28,0,1,0,0,0,1,0,0,0,0,0,0,0,0,0,0,0,0,0,0,0,0,193,3.10880829,0,68.39378238,12.43523316,0,0,0.518134715,0,0,0,14.50777202,0,0.518134715,0,0,0,0.518134715,0,0,0,0,0,0,0,0,0,0,0,0,0,0,0,0,192,3.125,0,68.75,12.5,0,0,0.520833333,0,na,0,14.58333333,0.520833333,na,na,na,0,na,0,0,17.4,0,25.928,4.4,0,0,0.05,0,0,0,4.1,0,0,0,0.06,0,2.1,0,0,0,0,0,0,0,0,0,0,0,0,0,0,0,0,54.038,1080.76,32.19956327,0,47.98105037,8.142418298,0,0,0.092527481,0,0,0,7.587253414,0,0,0,0.111032977,0,3.886154188,0,0,0,0,0,0,0,0,0,0,0,0,0,0,0,0,53.928,32.26524255,48.07892004,8.159026851,na,0,na,0,7.602729565,0,na,3.894080997,0,0,0
205,2,0,2022,na,0.0001,0.0019,8,13,0,2,0,0,0,0,0,0,0,0,23,34.7826087,56.52173913,0,8.695652174,0,0,0,0,0,0,0,0,0,0,4.982,199.28,0.576,0,1.27,0,2.871,0.204,0,0.039,0,0,0,0,0,0,0,0.022,0,0,0,0,0,4.982,11.56162184,0,25.49177037,0,57.62745885,4.094741068,0,0.782818145,0,0,0,0,0,0,0,0.441589723,0,0,0,0,0,4.367,13.18983284,na,29.08174948,0,65.74307305,4.67139913,na,na,0,na,na,na,0.503778338,0,0,0,80,10,0,64,0,1,0,3,1,0,0,0,0,0,0,0,0,0,1,0,0,0,0,0,0,0,0,0,0,0,0,0,0,0,80,12.5,0,80,0,1.25,0,3.75,1.25,0,0,0,0,0,0,0,0,0,1.25,0,0,0,0,0,0,0,0,0,0,0,0,0,0,0,79,12.65822785,0,81.01265823,0,1.265822785,0,3.797468354,1.265822785,na,0,0,0,na,na,na,0,na,0,0,143.7,0,30.46,0,0.061,0,0.59,0.068,0,0,0,0,0.476,0,0,0,0,0.501,0,0,0,0,0,0,0,0,0,0,0,0,0,0,0,175.856,3517.12,81.71458466,0,17.3209899,0,0.034687472,0,0.335501774,0.038668001,0,0,0,0,0.270676008,0,0,0,0,0.284892185,0,0,0,0,0,0,0,0,0,0,0,0,0,0,0,174.636,82.28543943,17.44199363,0,na,0,na,0,0,0.272566939,na,0,0,0,0
206,2,56,2022,grid,0.0787,0.0782,11,1,0,0,0,0,0,0,0,0,0,0,12,91.66666667,8.333333333,0,0,0,0,0,0,0,0,0,0,26.8,1072,0.486,19.44,0,0,0,0,0.002,0,0,0,0,0,0,0,0,0,0,0.484,0,0,0,0,0,0.486,0,0,0,0,0.411522634,0,0,0,0,0,0,0,0,0,0,99.58847737,0,0,0,0,0,0.486,0,na,0,0,0.411522634,0,na,na,0,na,na,na,99.58847737,0,0,0,220,18,0,169,2,0,1,2,0,0,1,24,0,0,0,1,0,0,0,0,0,0,0,0,0,0,0,0,0,0,0,0,2,0,220,8.181818182,0,76.81818182,0.909090909,0,0.454545455,0.909090909,0,0,0.454545455,10.90909091,0,0,0,0.454545455,0,0,0,0,0,0,0,0,0,0,0,0,0,0,0,0,0.909090909,0,217,8.294930876,0,77.88018433,0.921658986,0,0.460829493,0.921658986,0,na,0.460829493,11.05990783,0,na,na,na,0,na,0,0,25.1,0,32.94,0.267,0,0.061,0.13,0,0,0.033,8.8,0,0,0,0,0,0,0,0,0,0,0,0,0,0,0,0,0,0,0,0,12.1,0,79.431,1588.62,31.59975324,0,41.46995506,0.336140801,0,0.076796213,0.163664061,0,0,0.041545492,11.07879795,0,0,0,0,0,0,0,0,0,0,0,0,0,0,0,0,0,0,0,0,15.23334718,0,79.301,31.65155547,41.53793773,0.336691845,na,0.076922107,na,0.041613599,11.09695969,0,na,0,0,0,15.25831957
207,2,28,2022,row,0.1038,0.1103,2,16,0,0,0,1,0,0,0,0,0,0,19,10.52631579,84.21052632,0,0,0,5.263157895,0,0,0,0,0,0,22.4,896,0.105,4.2,0,0,0,0.012,0.061,0,0,0,0,0,0,0,0,0,0,0,0,0.032,0,0,0,0.105,0,0,0,11.42857143,58.0952381,0,0,0,0,0,0,0,0,0,0,0,0,30.47619048,0,0,0,0.105,0,na,0,11.42857143,58.0952381,0,na,na,0,na,na,na,0,0,30.47619048,0,185,6,0,159,13,0,0,1,0,0,0,0,1,0,0,0,0,0,0,0,5,0,0,0,0,0,0,0,0,0,0,0,0,0,185,3.243243243,0,85.94594595,7.027027027,0,0,0.540540541,0,0,0,0,0.540540541,0,0,0,0,0,0,0,2.702702703,0,0,0,0,0,0,0,0,0,0,0,0,0,184,3.260869565,0,86.41304348,7.065217391,0,0,0.543478261,0,na,0,0,0,na,na,na,2.717391304,na,0,0,16.3,0,35.3,1.688,0,0,0.064,0,0,0,0,0.048,0,0,0,0,0,0,0,2.643,0,0,0,0,0,0,0,0,0,0,0,0,0,56.043,1120.86,29.08480988,0,62.987349,3.011972949,0,0,0.114198027,0,0,0,0,0.08564852,0,0,0,0,0,0,0,4.716021626,0,0,0,0,0,0,0,0,0,0,0,0,0,55.931,29.14305126,63.11347911,3.018004327,na,0,na,0,0,0,na,0,4.725465305,0,0
208,2,28,2022,grid,0.0794,0.0842,8,6,0,0,2,0,0,0,0,0,0,0,16,50,37.5,0,0,12.5,0,0,0,0,0,0,0,49.3,1972,0.03,1.2,0.012,0,0,0,0,0.018,0,0,0,0,0,0,0,0,0,0,0,0,0,0,0,0.03,40,0,0,0,0,60,0,0,0,0,0,0,0,0,0,0,0,0,0,0,0,0.018,66.66666667,na,0,0,0,100,na,na,0,na,na,na,0,0,0,0,140,10,0,85,0,0,0,1,0,0,0,5,1,0,0,0,0,0,0,0,38,0,0,0,0,0,0,0,0,0,0,0,0,0,140,7.142857143,0,60.71428571,0,0,0,0.714285714,0,0,0,3.571428571,0.714285714,0,0,0,0,0,0,0,27.14285714,0,0,0,0,0,0,0,0,0,0,0,0,0,139,7.194244604,0,61.15107914,0,0,0,0.71942446,0,na,0,3.597122302,0,na,na,na,27.3381295,na,0,0,27.8,0,19.531,0,0,0,0.148,0,0,0.664,1.6,0.023,0,0,0,0,0,0,0,11.7,0,0,0,0,0,0,0,0,0,0,0,0,0,61.466,1229.32,45.22825627,0,31.7752904,0,0,0,0.240783523,0,0,1.08027202,2.603065109,0.037419061,0,0,0,0,0,0,0,19.03491361,0,0,0,0,0,0,0,0,0,0,0,0,0,61.295,45.35443348,31.8639367,0,na,0,na,1.083285749,2.610327107,0,na,0,19.08801697,0,0
209,2,168,2022,grid,0.092,0.0896,3,0,0,0,0,0,0,0,0,0,0,0,3,100,0,0,0,0,0,0,0,0,0,0,0,107.6,4304,0.043,1.72,0.032,0,0,0.005,0.006,0,0,0,0,0,0,0,0,0,0,0,0,0,0,0,0,0.043,74.41860465,0,0,11.62790698,13.95348837,0,0,0,0,0,0,0,0,0,0,0,0,0,0,0,0,0.011,290.9090909,na,0,45.45454545,54.54545455,0,na,na,0,na,na,na,0,0,0,0,182,9,0,140,0,0,0,1,0,0,0,31,0,0,0,0,0,0,0,1,0,0,0,0,0,0,0,0,0,0,0,0,0,0,182,4.945054945,0,76.92307692,0,0,0,0.549450549,0,0,0,17.03296703,0,0,0,0,0,0,0,0.549450549,0,0,0,0,0,0,0,0,0,0,0,0,0,0,181,4.972375691,0,77.3480663,0,0,0,0.552486188,0,na,0,17.12707182,0,na,na,na,0,na,0,0,14.3,0,34.4,0,0,0,0.017,0,0,0,13.1,0,0,0,0,0,0,0,0.072,0,0,0,0,0,0,0,0,0,0,0,0,0,0,61.889,1237.78,23.10588311,0,55.58338315,0,0,0,0.027468532,0,0,0,21.16692789,0,0,0,0,0,0,0,0.116337314,0,0,0,0,0,0,0,0,0,0,0,0,0,0,61.8,23.13915858,55.66343042,0,na,0,na,0,21.197411,0,na,0,0,0,0
301,3,56,2022,grid,0.1174,0.1284,5,5,0,0,0,2,0,0,1,1,0,0,14,35.71428571,35.71428571,0,0,0,14.28571429,0,0,7.142857143,7.142857143,0,0,59.6,2384,0.053,2.12,0.037,0,0,0,0.016,0,0,0,0,0,0,0,0,0,0,0,0,0,0,0,0,0.053,69.81132075,0,0,0,30.18867925,0,0,0,0,0,0,0,0,0,0,0,0,0,0,0,0,0.016,231.25,na,0,0,100,0,na,na,0,na,na,na,0,0,0,0,326,4,0,263,13,13,3,3,4,0,10,9,3,0,0,0,0,0,0,0,0,0,0,0,0,0,0,0,0,0,0,0,0,1,326,1.226993865,0,80.67484663,3.987730061,3.987730061,0.920245399,0.920245399,1.226993865,0,3.067484663,2.760736196,0.920245399,0,0,0,0,0,0,0,0,0,0,0,0,0,0,0,0,0,0,0,0,0.306748466,323,1.238390093,0,81.42414861,4.024767802,4.024767802,0.92879257,0.92879257,1.238390093,na,3.095975232,2.786377709,0,na,na,na,0,na,0,0.309597523,4.3,0,53.429,3.7,0.604,0.098,0.201,0.071,0,1.061,3.1,0.209,0,0,0,0,0,0,0,0,0,0,0,0,0,0,0,0,0,0,0,0,0.09,66.863,1337.26,6.431060527,0,79.90817044,5.533703244,0.903339665,0.146568356,0.30061469,0.106187278,0,1.586826795,4.636345961,0.312579454,0,0,0,0,0,0,0,0,0,0,0,0,0,0,0,0,0,0,0,0,0.134603592,65.688,6.5460967,81.33753501,5.632687858,na,0.149190111,na,1.615211302,4.719279016,0,na,0,0,0,0
302,3,28,2022,grid,0.161,0.1634,6,8,0,0,0,1,1,1,0,0,0,0,17,35.29411765,47.05882353,0,0,0,5.882352941,5.882352941,5.882352941,0,0,0,0,92,3680,0.191,7.64,0,0,0,0.024,0.158,0,0,0,0,0,0,0,0,0,0,0,0.009,0,0,0,0,0.191,0,0,0,12.56544503,82.72251309,0,0,0,0,0,0,0,0,0,0,0,4.712041885,0,0,0,0,0.191,0,na,0,12.56544503,82.72251309,0,na,na,0,na,na,na,0,4.712041885,0,0,361,24,0,301,2,0,0,0,3,0,1,30,0,0,0,0,0,0,0,0,0,0,0,0,0,0,0,0,0,0,0,0,0,0,361,6.648199446,0,83.37950139,0.55401662,0,0,0,0.831024931,0,0.27700831,8.310249307,0,0,0,0,0,0,0,0,0,0,0,0,0,0,0,0,0,0,0,0,0,0,361,6.648199446,0,83.37950139,0.55401662,0,0,0,0.831024931,na,0.27700831,8.310249307,0,na,na,na,0,na,0,0,19.6,0,44,0.343,0,0,0,0.051,0,0.006,11.1,0,0,0,0,0,0,0,0,0,0,0,0,0,0,0,0,0,0,0,0,0,0,75.1,1502,26.09853529,0,58.5885486,0.456724368,0,0,0,0.067909454,0,0.007989348,14.78029294,0,0,0,0,0,0,0,0,0,0,0,0,0,0,0,0,0,0,0,0,0,0,75.049,26.1162707,58.6283628,0.457034737,na,0,na,0.007994777,14.79033698,0,na,0,0,0,0
303,3,112,2022,row,0.1522,0.1551,3,0,0,0,0,0,1,0,0,0,0,0,4,75,0,0,0,0,0,25,0,0,0,0,0,75.7,3028,0.084,3.36,0.022,0,0,0,0.05,0,0,0,0,0,0,0,0,0,0,0.012,0,0,0,0,0,0.084,26.19047619,0,0,0,59.52380952,0,0,0,0,0,0,0,0,0,0,14.28571429,0,0,0,0,0,0.062,35.48387097,na,0,0,80.64516129,0,na,na,0,na,na,na,19.35483871,0,0,0,394,8,0,356,0,0,2,1,2,0,0,25,0,0,0,0,0,0,0,0,0,0,0,0,0,0,0,0,0,0,0,0,0,0,394,2.030456853,0,90.35532995,0,0,0.507614213,0.253807107,0.507614213,0,0,6.345177665,0,0,0,0,0,0,0,0,0,0,0,0,0,0,0,0,0,0,0,0,0,0,394,2.030456853,0,90.35532995,0,0,0.507614213,0.253807107,0.507614213,na,0,6.345177665,0,na,na,na,0,na,0,0,9.6,0,43.2,0,0,0.062,0.044,0.032,0,0,9.9,0,0,0,0,0,0,0,0,0,0,0,0,0,0,0,0,0,0,0,0,0,0,62.838,1256.76,15.27737993,0,68.74820968,0,0,0.098666412,0.070021325,0.0509246,0,0,15.75479805,0,0,0,0,0,0,0,0,0,0,0,0,0,0,0,0,0,0,0,0,0,0,62.762,15.29587967,68.83145853,0,na,0.09878589,na,0,15.77387591,0,na,0,0,0,0
304,3,28,2022,row,0.0774,0.0828,5,2,0,0,0,0,0,2,0,0,0,0,9,55.55555556,22.22222222,0,0,0,0,0,22.22222222,0,0,0,0,74.7,2988,0.317,12.68,0,0,0,0,0.247,0.004,0,0,0,0,0,0,0,0,0,0.018,0.048,0,0,0,0,0.317,0,0,0,0,77.91798107,1.261829653,0,0,0,0,0,0,0,0,0,5.678233438,15.14195584,0,0,0,0,0.317,0,na,0,0,77.91798107,1.261829653,na,na,0,na,na,na,5.678233438,15.14195584,0,0,217,21,0,172,4,2,0,3,1,0,2,4,0,0,0,0,0,0,0,0,0,0,0,0,0,0,0,0,0,0,0,0,0,8,217,9.677419355,0,79.26267281,1.843317972,0.921658986,0,1.382488479,0.460829493,0,0.921658986,1.843317972,0,0,0,0,0,0,0,0,0,0,0,0,0,0,0,0,0,0,0,0,0,3.686635945,217,9.677419355,0,79.26267281,1.843317972,0.921658986,0,1.382488479,0.460829493,na,0.921658986,1.843317972,0,na,na,na,0,na,0,3.686635945,24.8,0,24.164,0.275,0.217,0,0.136,0.039,0,0.062,1.3,0,0,0,0,0,0,0,0,0,0,0,0,0,0,0,0,0,0,0,0,0,0.585,51.578,1031.56,48.0825158,0,46.84943193,0.533173058,0.420722013,0,0.263678312,0.075613634,0,0.12020629,2.520454457,0,0,0,0,0,0,0,0,0,0,0,0,0,0,0,0,0,0,0,0,0,1.134204506,50.601,49.01088911,47.75399696,0.54346752,na,0,na,0.122527223,2.569119187,0,na,0,0,0,0
305,3,112,2022,grid,0.1644,0.1765,4,1,0,0,2,0,0,0,0,0,1,0,8,50,12.5,0,0,25,0,0,0,0,0,12.5,0,56.5,2260,1.244,49.76,0,0,0,0,0.183,0,0,0,0,0,0,0,0,0,0,0,0,0,1.044,0.017,0,1.244,0,0,0,0,14.71061093,0,0,0,0,0,0,0,0,0,0,0,0,0,83.92282958,1.366559486,0,1.227,0,na,0,0,14.91442543,0,na,na,0,na,na,na,0,0,0,85.08557457,235,12,0,181,3,1,8,1,1,0,0,12,0,0,0,0,0,0,0,0,0,0,0,0,0,16,0,0,0,0,0,0,0,0,235,5.106382979,0,77.0212766,1.276595745,0.425531915,3.404255319,0.425531915,0.425531915,0,0,5.106382979,0,0,0,0,0,0,0,0,0,0,0,0,0,6.808510638,0,0,0,0,0,0,0,0,235,5.106382979,0,77.0212766,1.276595745,0.425531915,3.404255319,0.425531915,0.425531915,na,0,5.106382979,0,na,na,na,0,na,6.808510638,0,7.4,0,20.819,0.576,0.025,0.477,0.062,0.015,0,0,1.8,0,0,0,0,0,0,0,0,0,0,0,0,0,29.3,0,0,0,0,0,0,0,0,60.474,1209.48,12.23666369,0,34.42636505,0.952475444,0.04134008,0.788768727,0.102523398,0.024804048,0,0,2.976485762,0,0,0,0,0,0,0,0,0,0,0,0,0,48.4505738,0,0,0,0,0,0,0,0,60.372,12.25733784,34.48452925,0.954084675,na,0.790101371,na,0,2.981514609,0,na,0,0,48.53243225,0
306,3,168,2022,grid,0.1365,0.1304,1,0,0,0,0,0,0,0,0,0,0,0,1,100,0,0,0,0,0,0,0,0,0,0,0,113.1,4524,0.141,5.64,0.001,0,0,0.097,0.043,0,0,0,0,0,0,0,0,0,0,0,0,0,0,0,0,0.141,0.709219858,0,0,68.79432624,30.4964539,0,0,0,0,0,0,0,0,0,0,0,0,0,0,0,0,0.14,0.714285714,na,0,69.28571429,30.71428571,0,na,na,0,na,na,na,0,0,0,0,432,7,0,366,0,2,0,0,1,0,0,56,0,0,0,0,0,0,0,0,0,0,0,0,0,0,0,0,0,0,0,0,0,0,432,1.62037037,0,84.72222222,0,0.462962963,0,0,0.231481481,0,0,12.96296296,0,0,0,0,0,0,0,0,0,0,0,0,0,0,0,0,0,0,0,0,0,0,432,1.62037037,0,84.72222222,0,0.462962963,0,0,0.231481481,na,0,12.96296296,0,na,na,na,0,na,0,0,7.2,0,52.3,0,0.03,0,0,0.68,0,0,12.1,0,0,0,0,0,0,0,0,0,0,0,0,0,0,0,0,0,0,0,0,0,0,72.31,1446.2,9.957129028,0,72.32747891,0,0.041488038,0,0,0.940395519,0,0,16.73350851,0,0,0,0,0,0,0,0,0,0,0,0,0,0,0,0,0,0,0,0,0,0,71.6,10.05586592,73.04469274,0,na,0,na,0,16.89944134,0,na,0,0,0,0
307,3,168,2022,row,0.1751,0.1737,6,2,1,0,0,0,0,0,0,1,0,0,10,60,20,10,0,0,0,0,0,0,10,0,0,82.9,3316,0.008,0.32,0,0,0,0,0.008,0,0,0,0,0,0,0,0,0,0,0,0,0,0,0,0,0.008,0,0,0,0,100,0,0,0,0,0,0,0,0,0,0,0,0,0,0,0,0,0.008,0,na,0,0,100,0,na,na,0,na,na,na,0,0,0,0,248,10,0,162,2,9,38,1,3,0,4,0,1,0,0,0,0,2,0,0,16,0,0,0,0,0,0,0,0,0,0,0,0,0,248,4.032258065,0,65.32258065,0.806451613,3.629032258,15.32258065,0.403225806,1.209677419,0,1.612903226,0,0.403225806,0,0,0,0,0.806451613,0,0,6.451612903,0,0,0,0,0,0,0,0,0,0,0,0,0,245,4.081632653,0,66.12244898,0.816326531,3.673469388,15.51020408,0.408163265,1.224489796,na,1.632653061,0,0,na,na,na,6.530612245,na,0,0,21.6,0,36.747,0.579,0.606,3.005,0.086,0.099,0,1.137,0,0.024,0,0,0,0,0.075,0,0,0.535,0,0,0,0,0,0,0,0,0,0,0,0,0,64.493,1289.86,33.49200688,0,56.97827671,0.897771851,0.93963686,4.659420402,0.133347805,0.153505032,0,1.762982029,0,0.037213341,0,0,0,0,0.116291691,0,0,0.829547393,0,0,0,0,0,0,0,0,0,0,0,0,0,63.678,33.92066334,57.7075285,0.909262226,na,4.719055247,na,1.785546028,0,0,na,0.117780081,0.840164578,0,0
308,3,56,2022,row,0.1372,0.1419,8,5,0,0,2,0,0,0,0,0,0,0,15,53.33333333,33.33333333,0,0,13.33333333,0,0,0,0,0,0,0,53.7,2148,0.359,14.36,0,0,0,0,0.215,0.144,0,0,0,0,0,0,0,0,0,0,0,0,0,0,0,0.359,0,0,0,0,59.88857939,40.11142061,0,0,0,0,0,0,0,0,0,0,0,0,0,0,0,0.359,0,na,0,0,59.88857939,40.11142061,na,na,0,na,na,na,0,0,0,0,228,23,0,170,0,17,0,4,5,0,0,0,0,0,0,0,0,0,0,0,9,0,0,0,0,0,0,0,0,0,0,0,0,0,228,10.0877193,0,74.56140351,0,7.456140351,0,1.754385965,2.192982456,0,0,0,0,0,0,0,0,0,0,0,3.947368421,0,0,0,0,0,0,0,0,0,0,0,0,0,228,10.0877193,0,74.56140351,0,7.456140351,0,1.754385965,2.192982456,na,0,0,0,na,na,na,3.947368421,na,0,0,38.6,0,35.581,0,1.167,0,0.101,0.134,0,0,0,0,0,0,0,0,0,0,0,0.154,0,0,0,0,0,0,0,0,0,0,0,0,0,75.737,1514.74,50.96584232,0,46.97967968,0,1.540858497,0,0.13335622,0.176928054,0,0,0,0,0,0,0,0,0,0,0,0.203335226,0,0,0,0,0,0,0,0,0,0,0,0,0,74.335,51.92708684,47.86574292,0,na,0,na,0,0,0,na,0,0.207170243,0,0
309,3,0,2022,na,0.0002,0.0036,5,0,0,1,1,0,1,0,0,0,0,0,8,62.5,0,0,12.5,12.5,0,12.5,0,0,0,0,0,0,0,102.64,1.518,0,0,0.063,0.011,1.518,0.326,0,0.035,0.207,0,0,0,0,0,0,0,0.066,0.107,0,0,0.233,2.566,0,0,2.455183164,0.428682775,59.15822292,12.7045986,0,1.363990647,8.067030398,0,0,0,0,0,0,0,2.572096648,4.169914263,0,0,9.080280592,2.298,0,na,2.74151436,0.478677111,66.05744125,14.18624891,na,na,9.007832898,na,na,na,0,2.872062663,4.656222802,0,508,20,4,418,32,3,4,0,4,4,0,0,4,0,1,3,2,0,0,0,0,0,0,0,0,0,0,0,0,1,7,1,0,0,508,3.937007874,0.787401575,82.28346457,6.299212598,0.590551181,0.787401575,0,0.787401575,0.787401575,0,0,0.787401575,0,0.196850394,0.590551181,0.393700787,0,0,0,0,0,0,0,0,0,0,0,0,0.196850394,1.377952756,0.196850394,0,0,485,4.12371134,0.824742268,86.18556701,6.597938144,0.618556701,0.824742268,0,0.824742268,na,0,0,0,na,na,na,0,na,0,0,103.6,0.1,80.3,3.9,0.202,0.239,0,0.095,0.597,0,0,0.212,0,0.04,0.385,0.059,0,0,0,0,0,0,0,0,0,0,0,0,0.144,0.861,0.107,0,0,190.841,3816.82,54.28602868,0.052399642,42.07691219,2.043586022,0.105847276,0.125235143,0,0.04977966,0.31282586,0,0,0.11108724,0,0.020959857,0.20173862,0.030915789,0,0,0,0,0,0,0,0,0,0,0,0,0.075455484,0.451160914,0.056067616,0,0,188.039,55.09495371,42.70390717,2.074037833,na,0.127101293,na,0,0,0,na,0,0,0,0
101,1,28,2023,row,0.2711,0.2497,2,16,0,0,0,5,0,0,0,0,0,0,23,8.695652174,69.56521739,0,0,0,21.73913043,0,0,0,0,0,0,107.6,4304,0.505,20.2,0,0,0.08,0.014,0.352,0.059,0,0,0,0,0,0,0,0,0,0,0,0,0,0,0,0.505,0,0,15.84158416,2.772277228,69.7029703,11.68316832,0,0,0,0,0,0,0,0,0,0,0,0,0,0,0,0.505,0,0,15.84158416,2.772277228,69.7029703,11.68316832,0,0,0,0,0,0,na,na,na,na,138,15,0,71,0,2,10,0,3,8,0,9,0,0,0,0,0,18,1,0,0,0,0,0,0,0,0,1,0,0,0,0,0,0,138,10.86956522,0,51.44927536,0,1.449275362,7.246376812,0,2.173913043,5.797101449,0,6.52173913,0,0,0,0,0,13.04347826,0.724637681,0,0,0,0,0,0,0,0,0.724637681,0,0,0,0,0,0,136,11.02941176,0,52.20588235,0,1.470588235,7.352941176,na,2.205882353,5.882352941,na,6.617647059,na,0,13.23529412,0,0,0,na,na,32.1,0,16.1,0,0.324,2,0,0.349,0.9,0,3.8,0,0,0,0,0,0.309,0,0,0,0,0,0,0,0,0,0.026,0,0,0,0,0,0,55.908,1118.16,57.41575445,0,28.79730987,0,0.579523503,3.577305573,0,0.624239823,1.609787508,0,6.79688059,0,0,0,0,0,0.552693711,0,0,0,0,0,0,0,0,0,0.046504972,0,0,0,0,0,0,55.533,57.80346821,28.99177066,0,0.583436875,3.601462194,1.620657987,na,6.842778168,na,0,0.556425909,na,na,na
102,1,112,2023,row,0.4568,0.3949,18,20,0,2,0,4,0,0,0,0,0,1,45,40,44.44444444,0,4.444444444,0,8.888888889,0,0,0,0,0,2.222222222,156.4,6256,0.722,28.88,0,0.012,0,0,0.254,0.298,0.028,0,0,0,0,0.13,0,0,0,0,0,0,0,0,0,0.722,0,1.662049861,0,0,35.1800554,41.27423823,3.878116343,0,0,0,0,18.00554017,0,0,0,0,0,0,0,0,0,0.722,0,1.662049861,0,0,35.1800554,41.27423823,3.878116343,0,0,0,18.00554017,0,na,na,na,na,241,4,0,84,10,15,97,0,0,3,0,13,0,0,0,0,0,3,0,0,12,0,0,0,0,0,0,0,0,0,0,0,0,0,241,1.659751037,0,34.85477178,4.149377593,6.22406639,40.24896266,0,0,1.244813278,0,5.394190871,0,0,0,0,0,1.244813278,0,0,4.979253112,0,0,0,0,0,0,0,0,0,0,0,0,0,241,1.659751037,0,34.85477178,4.149377593,6.22406639,40.24896266,na,0,1.244813278,na,5.394190871,na,0,1.244813278,0,4.979253112,0,na,na,6.2,0,15.5,1.4,0.9,5.7,0,0,0.073,0,4.9,0,0,0,0,0,1,0.02,0,0.148,0,0,0,0,0,0,0,0,0,0,0,0,0,35.841,716.82,17.29862448,0,43.2465612,3.906141012,2.51109065,15.90357412,0,0,0.203677353,0,13.67149354,0,0,0,0,0,2.790100723,0.055802014,0,0.412934907,0,0,0,0,0,0,0,0,0,0,0,0,0,35.673,17.38009139,43.45022846,3.924536764,2.522916491,15.97847111,0.20463656,na,13.73587868,na,0,2.803240546,na,na,na
103,1,112,2023,grid,0.3769,0.3654,4,3,0,0,0,0,0,0,0,3,0,0,10,40,30,0,0,0,0,0,0,0,30,0,0,118.5,4740,1.32,52.8,0.344,0,0,0,0.056,0,0.741,0,0,0,0,0.179,0,0,0,0,0,0,0,0,0,1.32,26.06060606,0,0,0,4.242424242,0,56.13636364,0,0,0,0,13.56060606,0,0,0,0,0,0,0,0,0,1.32,26.06060606,0,0,0,4.242424242,0,56.13636364,0,0,0,13.56060606,0,na,na,na,na,208,23,2,98,21,6,39,0,1,0,0,12,0,0,0,0,0,3,0,0,0,0,0,1,0,0,0,0,0,0,0,0,0,2,208,11.05769231,0.961538462,47.11538462,10.09615385,2.884615385,18.75,0,0.480769231,0,0,5.769230769,0,0,0,0,0,1.442307692,0,0,0,0,0,0.480769231,0,0,0,0,0,0,0,0,0,0.961538462,206,11.16504854,0.970873786,47.57281553,10.19417476,2.912621359,18.93203883,na,0.485436893,0,na,5.825242718,na,0,1.45631068,0,0,0.485436893,na,na,14.3,0.046,9.8,2.2,0.308,1.562,0,0.024,0,0,1.4,0,0,0,0,0,0.8,0,0,0,0,0,0.098,0,0,0,0,0,0,0,0,0,0.024,30.562,611.24,46.79013154,0.15051371,32.06596427,7.198481775,1.007787448,5.11092206,0,0.078528892,0,0,4.580852038,0,0,0,0,0,2.617629736,0,0,0,0,0,0.320659643,0,0,0,0,0,0,0,0,0,0.078528892,30.37,47.08594007,32.2686862,7.24399078,1.014158709,5.143233454,0,na,4.609812315,na,0,2.634178466,na,na,na
104,1,168,2023,grid,0.2578,0.2456,0,0,0,0,1,0,0,0,0,0,0,0,1,0,0,0,0,100,0,0,0,0,0,0,0,142.2,5688,0.072,2.88,0,0,0,0,0,0,0,0,0,0.072,0,0,0,0,0,0,0,0,0,0,0,0.072,0,0,0,0,0,0,0,0,0,100,0,0,0,0,0,0,0,0,0,0,0,0.072,0,0,0,0,0,0,0,0,0,100,0,0,na,na,na,na,141,16,0,91,0,1,0,0,6,1,0,18,0,0,0,0,2,5,0,0,0,0,1,0,0,0,0,0,0,0,0,0,0,0,141,11.34751773,0,64.53900709,0,0.709219858,0,0,4.255319149,0.709219858,0,12.76595745,0,0,0,0,1.418439716,3.546099291,0,0,0,0,0.709219858,0,0,0,0,0,0,0,0,0,0,0,140,11.42857143,0,65,0,0.714285714,0,na,4.285714286,0.714285714,na,12.85714286,na,1.428571429,3.571428571,0,0,0,na,na,23.7,0,8.3,0,0.086,0,0,0.288,0.161,0,3.1,0,0,0,0,0.009,0.048,0,0,0,0,0,0,0,0,0,0,0,0,0,0,0,0,35.692,713.84,66.4014345,0,23.25451081,0,0.240950353,0,0,0.806903508,0.451081475,0,8.685419702,0,0,0,0,0.025215735,0.134483918,0,0,0,0,0,0,0,0,0,0,0,0,0,0,0,0,35.404,66.94158852,23.44367868,0,0.242910406,0,0.454750876,na,8.75607276,na,0.025420856,0.135577901,na,na,na
105,1,168,2023,row,0.3282,0.3154,1,0,0,0,0,0,0,0,0,0,0,0,1,100,0,0,0,0,0,0,0,0,0,0,0,142.4,5696,0,0,0,0,0,0,0,0,0,0,0,0,0,0,0,0,0,0,0,0,0,0,0,0,na,na,na,na,na,na,na,na,na,na,na,na,na,na,na,na,na,na,na,na,na,0,na,na,na,na,na,na,na,na,na,na,na,na,na,na,na,na,142,15,1,84,6,0,0,0,1,1,0,21,0,0,0,0,0,6,0,0,0,0,0,7,0,0,0,0,0,0,0,0,0,0,142,10.56338028,0.704225352,59.15492958,4.225352113,0,0,0,0.704225352,0.704225352,0,14.78873239,0,0,0,0,0,4.225352113,0,0,0,0,0,4.929577465,0,0,0,0,0,0,0,0,0,0,142,10.56338028,0.704225352,59.15492958,4.225352113,0,0,na,0.704225352,0.704225352,na,14.78873239,na,0,4.225352113,0,0,4.929577465,na,na,22.7,0.006,10.2,0.589,0,0,0,0.033,0.002,0,3,0,0,0,0,0,0.016,0.108,0,0,0,0,1.5,0,0,0,0,0,0,0,0,0,0,38.154,763.08,59.49572784,0.015725743,26.73376317,1.543743775,0,0,0,0.086491587,0.005241914,0,7.862871521,0,0,0,0,0,0.041935315,0.283063375,0,0,0,0,3.93143576,0,0,0,0,0,0,0,0,0,0,36.507,62.17985592,27.93984715,1.613389213,0,0,0.005478401,na,8.217602104,na,0,0.043827211,na,na,na
106,1,28,2023,grid,0.2625,0.2516,4,0,1,0,0,1,0,0,0,1,0,1,8,50,0,12.5,0,0,12.5,0,0,0,12.5,0,12.5,128.6,5144,0.046,1.84,0,0.007,0,0,0,0,0,0,0.039,0,0,0,0,0,0,0,0,0,0,0,0,0.046,0,15.2173913,0,0,0,0,0,0,84.7826087,0,0,0,0,0,0,0,0,0,0,0,0,0.046,0,15.2173913,0,0,0,0,0,0,84.7826087,0,0,0,na,na,na,na,197,34,1,123,4,0,0,0,0,4,0,25,0,0,0,0,3,0,0,3,0,0,0,0,0,0,0,0,0,0,0,0,0,0,197,17.25888325,0.507614213,62.43654822,2.030456853,0,0,0,0,2.030456853,0,12.69035533,0,0,0,0,1.52284264,0,0,1.52284264,0,0,0,0,0,0,0,0,0,0,0,0,0,0,197,17.25888325,0.507614213,62.43654822,2.030456853,0,0,na,0,2.030456853,na,12.69035533,na,1.52284264,0,1.52284264,0,0,na,na,60.6,0.012,21.7,0.4,0,0,0,0,0.109,0,9.8,0,0,0,0,0.257,0,0,0.091,0,0,0,0,0,0,0,0,0,0,0,0,0,0,92.969,1859.38,65.183018,0.012907528,23.3411137,0.430250944,0,0,0,0,0.117243382,0,10.54114812,0,0,0,0,0.276436231,0,0,0.09788209,0,0,0,0,0,0,0,0,0,0,0,0,0,0,92.866,65.25531411,23.36700192,0.430728146,0,0,0.11737342,na,10.55283958,na,0.276742834,0,na,na,na
107,1,56,2023,grid,0.174,0.1682,0,0,0,0,0,0,0,0,0,0,0,0,0,#DIV/0!,#DIV/0!,#DIV/0!,#DIV/0!,#DIV/0!,#DIV/0!,#DIV/0!,#DIV/0!,#DIV/0!,#DIV/0!,#DIV/0!,#DIV/0!,93.1,3724,0,0,0,0,0,0,0,0,0,0,0,0,0,0,0,0,0,0,0,0,0,0,0,0,na,na,na,na,na,na,na,na,na,na,na,na,na,na,na,na,na,na,na,na,na,0,na,na,na,na,na,na,na,na,na,na,na,na,na,na,na,na,155,17,3,96,2,0,0,0,4,0,0,26,0,0,0,0,2,1,0,4,0,0,0,0,0,0,0,0,0,0,0,0,0,0,155,10.96774194,1.935483871,61.93548387,1.290322581,0,0,0,2.580645161,0,0,16.77419355,0,0,0,0,1.290322581,0.64516129,0,2.580645161,0,0,0,0,0,0,0,0,0,0,0,0,0,0,155,10.96774194,1.935483871,61.93548387,1.290322581,0,0,na,2.580645161,0,na,16.77419355,na,1.290322581,0.64516129,2.580645161,0,0,na,na,44.8,0.186,12.7,0,0,0.101,0,0.162,0,0,8.1,0,0,0,0,0.187,0.012,0,0,0,0,0,0,0,0,0,0,0,0,0,0,0,0,66.248,1324.96,67.62468301,0.280763193,19.17039005,0,0,0.152457433,0,0.244535684,0,0,12.2267842,0,0,0,0,0.282272672,0.018113754,0,0,0,0,0,0,0,0,0,0,0,0,0,0,0,0,65.9,67.98179059,19.27162367,0,0,0.153262519,0,na,12.29135053,na,0.283763278,0.018209408,na,na,na
108,1,0,2023,na,0.0002,0.0001,1,0,0,0,0,0,0,0,0,0,0,0,1,100,0,0,0,0,0,0,0,0,0,0,0,0,0,1.139,45.56,0,0,0,0,1,0,0,0,0.117,0,0,0,0,0,0.022,0,0,0,0,0,0,1.139,0,0,0,0,87.79631255,0,0,0,10.27216857,0,0,0,0,0,1.931518876,0,0,0,0,0,0,1.117,0,0,0,0,89.52551477,0,0,0,10.47448523,0,0,0,na,na,na,na,131,29,0,87,0,0,0,0,4,2,1,0,0,0,0,0,0,0,0,0,0,0,0,8,0,0,0,0,0,0,0,0,0,0,131,22.13740458,0,66.41221374,0,0,0,0,3.053435115,1.526717557,0.763358779,0,0,0,0,0,0,0,0,0,0,0,0,6.106870229,0,0,0,0,0,0,0,0,0,0,130,22.30769231,0,66.92307692,0,0,0,na,3.076923077,1.538461538,na,0,na,0,0,0,0,6.153846154,na,na,179.9,0,28.2,0,0,0,0,0.108,14,0.025,0,0,0,0,0,0,0,0,0,0,0,0,0.9,0,0,0,0,0,0,0,0,0,0,223.133,4462.66,80.62456024,0,12.63820233,0,0,0,0,0.048401626,6.274284844,0.01120408,0,0,0,0,0,0,0,0,0,0,0,0,0.403346883,0,0,0,0,0,0,0,0,0,0,222.1,80.99954975,12.69698334,0,0,0,6.303466907,na,0,na,0,0,na,na,na
109,1,56,2023,row,0.246,0.242,1,0,0,0,0,0,0,0,0,0,0,0,1,100,0,0,0,0,0,0,0,0,0,0,0,136.5,5460,0,0,0,0,0,0,0,0,0,0,0,0,0,0,0,0,0,0,0,0,0,0,0,0,na,na,na,na,na,na,na,na,na,na,na,na,na,na,na,na,na,na,na,na,na,0,na,na,na,na,na,na,na,na,na,na,na,na,na,na,na,na,116,33,3,36,4,0,0,0,6,2,1,13,0,0,0,0,0,17,0,0,0,0,0,1,0,0,0,0,0,0,0,0,0,0,116,28.44827586,2.586206897,31.03448276,3.448275862,0,0,0,5.172413793,1.724137931,0.862068966,11.20689655,0,0,0,0,0,14.65517241,0,0,0,0,0,0.862068966,0,0,0,0,0,0,0,0,0,0,115,28.69565217,2.608695652,31.30434783,3.47826087,0,0,na,5.217391304,1.739130435,na,11.30434783,na,0,14.7826087,0,0,0.869565217,na,na,39.7,0.134,8.2,0.323,0,0,0,0.193,0.164,0.057,2.8,0,0,0,0,0,0.353,0,0,0,0,0,0.351,0,0,0,0,0,0,0,0,0,0,52.275,1045.5,75.94452415,0.256336681,15.68627451,0.617886179,0,0,0,0.369201339,0.31372549,0.109038737,5.356288857,0,0,0,0,0,0.675274988,0,0,0,0,0,0.671449067,0,0,0,0,0,0,0,0,0,0,51.54,77.02755142,15.90997284,0.626697711,0,0,0.318199457,na,5.432673652,na,0,0.684904928,na,na,na
201,2,56,2023,grid,0.2097,0.2049,0,0,0,0,0,0,0,0,0,0,0,0,0,#DIV/0!,#DIV/0!,#DIV/0!,#DIV/0!,#DIV/0!,#DIV/0!,#DIV/0!,#DIV/0!,#DIV/0!,#DIV/0!,#DIV/0!,#DIV/0!,109.6,4384,0.027,1.08,0,0,0,0,0,0,0,0,0,0.027,0,0,0,0,0,0,0,0,0,0,0,0.027,0,0,0,0,0,0,0,0,0,100,0,0,0,0,0,0,0,0,0,0,0,0.027,0,0,0,0,0,0,0,0,0,100,0,0,na,na,na,na,290,33,4,142,0,0,0,0,2,0,3,104,0,0,0,0,0,1,0,0,0,0,0,0,0,0,0,0,0,0,0,1,0,0,290,11.37931034,1.379310345,48.96551724,0,0,0,0,0.689655172,0,1.034482759,35.86206897,0,0,0,0,0,0.344827586,0,0,0,0,0,0,0,0,0,0,0,0,0,0.344827586,0,0,286,11.53846154,1.398601399,49.65034965,0,0,0,na,0.699300699,0,na,36.36363636,na,0,0.34965035,0,0,0,na,na,35.4,0.035,10.3,0,0,0,0,0.064,0,0.046,24.625,0,0,0,0,0,0.023,0,0,0,0,0,0,0,0,0,0,0,0,0,0.8,0,0,71.293,1425.86,49.65424375,0.049093179,14.44742121,0,0,0,0,0.089770384,0,0.064522464,34.54055798,0,0,0,0,0,0.032261232,0,0,0,0,0,0,0,0,0,0,0,0,0,1.122129802,0,0,70.348,50.32126002,14.64149656,0,0,0,0,na,35.00454881,na,0,0.032694604,na,na,na
202,2,56,2023,row,0.1899,0.1894,0,0,0,0,0,0,0,0,0,0,0,0,0,#DIV/0!,#DIV/0!,#DIV/0!,#DIV/0!,#DIV/0!,#DIV/0!,#DIV/0!,#DIV/0!,#DIV/0!,#DIV/0!,#DIV/0!,#DIV/0!,84.5,3380,0,0,0,0,0,0,0,0,0,0,0,0,0,0,0,0,0,0,0,0,0,0,0,0,na,na,na,na,na,na,na,na,na,na,na,na,na,na,na,na,na,na,na,na,na,0,na,na,na,na,na,na,na,na,na,na,na,na,na,na,na,na,247,26,0,154,0,0,1,0,1,0,0,61,0,0,0,0,2,1,0,0,0,0,0,1,0,0,0,0,0,0,0,0,0,0,247,10.52631579,0,62.34817814,0,0,0.4048583,0,0.4048583,0,0,24.69635628,0,0,0,0,0.809716599,0.4048583,0,0,0,0,0,0.4048583,0,0,0,0,0,0,0,0,0,0,247,10.52631579,0,62.34817814,0,0,0.4048583,na,0.4048583,0,na,24.69635628,na,0.809716599,0.4048583,0,0,0.4048583,na,na,37.9,0,15.6,0,0,0.062,0,0.045,0,0,18.8,0,0,0,0,0.191,0.01,0,0,0,0,0,0.231,0,0,0,0,0,0,0,0,0,0,72.839,1456.78,52.03256497,0,21.41709798,0,0,0.085119236,0,0.06178009,0,0,25.81034885,0,0,0,0,0.262222161,0.013728909,0,0,0,0,0,0.317137797,0,0,0,0,0,0,0,0,0,0,72.563,52.23047559,21.49855987,0,0,0.085442994,0,na,25.90852087,na,0.263219547,0.013781128,na,na,na
203,2,168,2023,row,0.3105,0.3058,2,0,0,0,0,0,0,0,0,0,0,0,2,100,0,0,0,0,0,0,0,0,0,0,0,84.7,3388,0,0,0,0,0,0,0,0,0,0,0,0,0,0,0,0,0,0,0,0,0,0,0,0,na,na,na,na,na,na,na,na,na,na,na,na,na,na,na,na,na,na,na,na,na,0,na,na,na,na,na,na,na,na,na,na,na,na,na,na,na,na,128,12,0,56,0,0,0,0,12,0,0,37,0,0,0,0,5,2,0,0,0,0,0,1,0,0,0,2,1,0,0,0,0,0,128,9.375,0,43.75,0,0,0,0,9.375,0,0,28.90625,0,0,0,0,3.90625,1.5625,0,0,0,0,0,0.78125,0,0,0,1.5625,0.78125,0,0,0,0,0,125,9.6,0,44.8,0,0,0,na,9.6,0,na,29.6,na,4,1.6,0,0,0.8,na,na,15.5,0,7.3,0,0,0,0,0.293,0,0,9.8,0,0,0,0,0.9,0.041,0,0,0,0,0,0.075,0,0,0,0.147,0.073,0,0,0,0,0,34.129,682.58,45.41592194,0,21.38943421,0,0,0,0,0.858507428,0,0,28.71458291,0,0,0,0,2.637053532,0.120132439,0,0,0,0,0,0.219754461,0,0,0,0.430718744,0.213894342,0,0,0,0,0,33.541,46.21209863,21.76440774,0,0,0,0,na,29.21797203,na,2.683283146,0.122238454,na,na,na
204,2,28,2023,row,0.1431,0.1432,0,0,0,0,0,0,0,0,0,0,0,0,0,#DIV/0!,#DIV/0!,#DIV/0!,#DIV/0!,#DIV/0!,#DIV/0!,#DIV/0!,#DIV/0!,#DIV/0!,#DIV/0!,#DIV/0!,#DIV/0!,133.6,5344,0,0,0,0,0,0,0,0,0,0,0,0,0,0,0,0,0,0,0,0,0,0,0,0,na,na,na,na,na,na,na,na,na,na,na,na,na,na,na,na,na,na,na,na,na,0,na,na,na,na,na,na,na,na,na,na,na,na,na,na,na,na,101,16,2,50,0,0,0,0,1,0,1,30,0,0,0,0,1,0,0,0,0,0,0,0,0,0,0,0,0,0,0,0,0,0,101,15.84158416,1.98019802,49.5049505,0,0,0,0,0.99009901,0,0.99009901,29.7029703,0,0,0,0,0.99009901,0,0,0,0,0,0,0,0,0,0,0,0,0,0,0,0,0,100,16,2,50,0,0,0,na,1,0,na,30,na,1,0,0,0,0,na,na,26.1,0.087,16.5,0,0,0,0,0.044,0,0.214,9.6,0,0,0,0,0.037,0,0,0,0,0,0,0,0,0,0,0,0,0,0,0,0,0,52.582,1051.64,49.63675783,0.165455859,31.37955955,0,0,0,0,0.083678825,0,0.406983378,18.25719828,0,0,0,0,0.070366285,0,0,0,0,0,0,0,0,0,0,0,0,0,0,0,0,0,52.237,49.96458449,31.58680629,0,0,0,0,na,18.3777782,na,0.07083102,0,na,na,na
205,2,0,2023,na,0.0003,0,0,1,0,0,0,0,0,0,0,0,0,0,1,0,100,0,0,0,0,0,0,0,0,0,0,0,0,0.35,14,0,0,0,0,0,0.173,0,0,0.17,0,0.007,0,0,0,0,0,0,0,0,0,0,0.35,0,0,0,0,0,49.42857143,0,0,48.57142857,0,2,0,0,0,0,0,0,0,0,0,0,0.343,0,0,0,0,0,50.43731778,0,0,49.56268222,0,0,0,na,na,na,na,117,29,0,74,0,0,0,0,8,3,2,0,0,0,0,0,0,0,0,0,0,0,0,1,0,0,0,0,0,0,0,0,0,0,117,24.78632479,0,63.24786325,0,0,0,0,6.837606838,2.564102564,1.709401709,0,0,0,0,0,0,0,0,0,0,0,0,0.854700855,0,0,0,0,0,0,0,0,0,0,115,25.2173913,0,64.34782609,0,0,0,na,6.956521739,2.608695652,na,0,na,0,0,0,0,0.869565217,na,na,171.9,0,14.3,0,0,0,0,0.615,0.8,0.043,0,0,0,0,0,0,0,0,0,0,0,0,0.086,0,0,0,0,0,0,0,0,0,0,187.744,3754.88,91.56084882,0,7.61675473,0,0,0,0,0.327573717,0.426112153,0.022903528,0,0,0,0,0,0,0,0,0,0,0,0,0.045807056,0,0,0,0,0,0,0,0,0,0,187,91.92513369,7.647058824,0,0,0,0.427807487,na,0,na,0,0,na,na,na
206,2,168,2023,grid,0.2902,0.2879,1,0,0,0,0,0,0,0,0,0,0,0,1,100,0,0,0,0,0,0,0,0,0,0,0,131.5,5260,0,0,0,0,0,0,0,0,0,0,0,0,0,0,0,0,0,0,0,0,0,0,0,0,na,na,na,na,na,na,na,na,na,na,na,na,na,na,na,na,na,na,na,na,na,0,na,na,na,na,na,na,na,na,na,na,na,na,na,na,na,na,73,22,0,29,0,0,0,0,5,2,0,7,0,0,0,0,1,5,0,2,0,0,0,0,0,0,0,0,0,0,0,0,0,0,73,30.1369863,0,39.7260274,0,0,0,0,6.849315068,2.739726027,0,9.589041096,0,0,0,0,1.369863014,6.849315068,0,2.739726027,0,0,0,0,0,0,0,0,0,0,0,0,0,0,73,30.1369863,0,39.7260274,0,0,0,na,6.849315068,2.739726027,na,9.589041096,na,1.369863014,6.849315068,2.739726027,0,0,na,na,30.8,0,3.3,0,0,0,0,0.157,0.059,0,0.8,0,0,0,0,0.288,0.364,0,0.105,0,0,0,0,0,0,0,0,0,0,0,0,0,0,35.873,717.46,85.85844507,0,9.199119115,0,0,0,0,0.437655061,0.164469099,0,2.230089482,0,0,0,0,0.802832214,1.014690714,0,0.292699245,0,0,0,0,0,0,0,0,0,0,0,0,0,0,35.611,86.49012945,9.266799584,0,0,0,0.165679144,na,2.246496869,na,0.808738873,1.022156075,na,na,na
207,2,28,2023,grid,0.1857,0.1844,0,0,0,0,0,0,0,0,0,0,0,0,0,#DIV/0!,#DIV/0!,#DIV/0!,#DIV/0!,#DIV/0!,#DIV/0!,#DIV/0!,#DIV/0!,#DIV/0!,#DIV/0!,#DIV/0!,#DIV/0!,127.8,5112,0,0,0,0,0,0,0,0,0,0,0,0,0,0,0,0,0,0,0,0,0,0,0,0,na,na,na,na,na,na,na,na,na,na,na,na,na,na,na,na,na,na,na,na,na,0,na,na,na,na,na,na,na,na,na,na,na,na,na,na,na,na,163,33,1,74,0,0,0,0,1,3,0,50,0,0,0,0,0,1,0,0,0,0,0,0,0,0,0,0,0,0,0,0,0,0,163,20.24539877,0.613496933,45.39877301,0,0,0,0,0.613496933,1.840490798,0,30.67484663,0,0,0,0,0,0.613496933,0,0,0,0,0,0,0,0,0,0,0,0,0,0,0,0,163,20.24539877,0.613496933,45.39877301,0,0,0,na,0.613496933,1.840490798,na,30.67484663,na,0,0.613496933,0,0,0,na,na,103.7,0.028,14.3,0,0,0,0,0.003,0.089,0,19.3,0,0,0,0,0,0.082,0,0,0,0,0,0,0,0,0,0,0,0,0,0,0,0,137.502,2750.04,75.41708484,0.02036334,10.39984873,0,0,0,0,0.002181786,0.064726331,0,14.03615947,0,0,0,0,0,0.059635496,0,0,0,0,0,0,0,0,0,0,0,0,0,0,0,0,137.471,75.43409155,10.40219392,0,0,0,0.064740927,na,14.03932466,na,0,0.059648944,na,na,na
208,2,112,2023,grid,0.2415,0.2385,2,0,0,0,0,0,0,0,0,0,0,0,2,100,0,0,0,0,0,0,0,0,0,0,0,104,4160,0.01,0.4,0.004,0.006,0,0,0,0,0,0,0,0,0,0,0,0,0,0,0,0,0,0,0,0.01,40,60,0,0,0,0,0,0,0,0,0,0,0,0,0,0,0,0,0,0,0,0.01,40,60,0,0,0,0,0,0,0,0,0,0,na,na,na,na,213,50,2,81,2,0,0,0,2,6,0,58,0,0,0,0,2,2,0,0,8,0,0,0,0,0,0,0,0,0,0,0,0,0,213,23.4741784,0.938967136,38.02816901,0.938967136,0,0,0,0.938967136,2.816901408,0,27.23004695,0,0,0,0,0.938967136,0.938967136,0,0,3.755868545,0,0,0,0,0,0,0,0,0,0,0,0,0,213,23.4741784,0.938967136,38.02816901,0.938967136,0,0,na,0.938967136,2.816901408,na,27.23004695,na,0.938967136,0.938967136,0,3.755868545,0,na,na,48.3,0.032,6.1,0.151,0,0,0,0.016,0.154,0,12.7,0,0,0,0,0.051,0.013,0,0,0.635,0,0,0,0,0,0,0,0,0,0,0,0,0,68.152,1363.04,70.87099425,0.046953868,8.950581054,0.221563564,0,0,0,0.023476934,0.225965489,0,18.63481629,0,0,0,0,0.074832727,0.019075009,0,0,0.931740815,0,0,0,0,0,0,0,0,0,0,0,0,0,67.469,71.58843321,9.041189287,0.223806489,0,0,0.228252975,na,18.82345966,na,0.075590271,0.019268108,na,na,na
209,2,112,2023,row,0.2695,0.2793,1,0,0,0,0,0,0,0,0,0,0,0,1,100,0,0,0,0,0,0,0,0,0,0,0,145.1,5804,0,0,0,0,0,0,0,0,0,0,0,0,0,0,0,0,0,0,0,0,0,0,0,0,na,na,na,na,na,na,na,na,na,na,na,na,na,na,na,na,na,na,na,na,na,0,na,na,na,na,na,na,na,na,na,na,na,na,na,na,na,na,168,33,1,67,0,0,0,0,7,3,0,47,0,0,0,0,1,7,0,0,1,0,0,0,0,0,0,1,0,0,0,0,0,0,168,19.64285714,0.595238095,39.88095238,0,0,0,0,4.166666667,1.785714286,0,27.97619048,0,0,0,0,0.595238095,4.166666667,0,0,0.595238095,0,0,0,0,0,0,0.595238095,0,0,0,0,0,0,167,19.76047904,0.598802395,40.11976048,0,0,0,na,4.191616766,1.796407186,na,28.14371257,na,0.598802395,4.191616766,0,0.598802395,0,na,na,39.5,0.003,11.3,0,0,0,0,0.116,0.085,0,8.5,0,0,0,0,0.08,0.157,0,0,0.063,0,0,0,0,0,0,0.184,0,0,0,0,0,0,59.988,1199.76,65.84650263,0.005001,18.83710075,0,0,0,0,0.193372008,0.141695006,0,14.16950057,0,0,0,0,0.133360005,0.26171901,0,0,0.105021004,0,0,0,0,0,0,0.306728012,0,0,0,0,0,0,59.622,66.25071282,18.95273557,0,0,0,0.142564825,na,14.25648251,na,0.134178659,0.263325618,na,na,na
301,3,0,2023,na,0,0,0,0,0,0,0,0,0,0,0,0,0,0,0,#DIV/0!,#DIV/0!,#DIV/0!,#DIV/0!,#DIV/0!,#DIV/0!,#DIV/0!,#DIV/0!,#DIV/0!,#DIV/0!,#DIV/0!,#DIV/0!,0,0,0.199,7.96,0,0,0,0,0,0,0,0.106,0.093,0,0,0,0,0,0,0,0,0,0,0,0,0.199,0,0,0,0,0,0,0,53.26633166,46.73366834,0,0,0,0,0,0,0,0,0,0,0,0,0.199,0,0,0,0,0,0,0,53.26633166,46.73366834,0,0,0,na,na,na,na,81,16,0,42,0,0,0,0,1,21,0,0,0,0,0,0,0,1,0,0,0,0,0,0,0,0,0,0,0,0,0,0,0,0,81,19.75308642,0,51.85185185,0,0,0,0,1.234567901,25.92592593,0,0,0,0,0,0,0,1.234567901,0,0,0,0,0,0,0,0,0,0,0,0,0,0,0,0,81,19.75308642,0,51.85185185,0,0,0,na,1.234567901,25.92592593,na,0,na,0,1.234567901,0,0,0,na,na,147.3,0,10.7,0,0,0,0,0.057,175.7,0,0,0,0,0,0,0,0.048,0,0,0,0,0,0,0,0,0,0,0,0,0,0,0,0,333.805,6676.1,44.1275595,0,3.205464268,0,0,0,0,0.017075838,52.63552074,0,0,0,0,0,0,0,0.014379653,0,0,0,0,0,0,0,0,0,0,0,0,0,0,0,0,333.748,44.13509594,3.206011721,0,0,0,52.64451023,na,0,na,0,0.014382109,na,na,na
302,3,56,2023,row,0.2417,0.2341,1,0,0,0,0,0,0,0,0,0,0,0,1,100,0,0,0,0,0,0,0,0,0,0,0,79.8,3192,0,0,0,0,0,0,0,0,0,0,0,0,0,0,0,0,0,0,0,0,0,0,0,0,na,na,na,na,na,na,na,na,na,na,na,na,na,na,na,na,na,na,na,na,na,0,na,na,na,na,na,na,na,na,na,na,na,na,na,na,na,na,178,18,4,96,0,0,0,0,0,6,0,49,0,0,0,0,0,4,0,0,1,0,0,0,0,0,0,0,0,0,0,0,0,0,178,10.11235955,2.247191011,53.93258427,0,0,0,0,0,3.370786517,0,27.52808989,0,0,0,0,0,2.247191011,0,0,0.561797753,0,0,0,0,0,0,0,0,0,0,0,0,0,178,10.11235955,2.247191011,53.93258427,0,0,0,na,0,3.370786517,na,27.52808989,na,0,2.247191011,0,0.561797753,0,na,na,26.9,0.104,12.5,0,0,0,0,0,0.221,0,11.4,0,0,0,0,0,0.089,0,0,0.4,0,0,0,0,0,0,0,0,0,0,0,0,0,51.614,1032.28,52.1176425,0.201495718,24.21823536,0,0,0,0,0,0.428178401,0,22.08703065,0,0,0,0,0,0.172433836,0,0,0.774983532,0,0,0,0,0,0,0,0,0,0,0,0,0,51.11,52.63157895,24.45705341,0,0,0,0.432400704,na,22.30483271,na,0,0.17413422,na,na,na
303,3,56,2023,grid,0.1674,0.1695,0,0,0,0,1,0,0,0,0,0,0,0,1,0,0,0,0,100,0,0,0,0,0,0,0,134.1,5364,0,0,0,0,0,0,0,0,0,0,0,0,0,0,0,0,0,0,0,0,0,0,0,0,na,na,na,na,na,na,na,na,na,na,na,na,na,na,na,na,na,na,na,na,na,0,na,na,na,na,na,na,na,na,na,na,na,na,na,na,na,na,172,24,0,100,0,0,0,0,5,3,0,36,0,0,0,0,1,3,0,0,0,0,0,0,0,0,0,0,0,0,0,0,0,0,172,13.95348837,0,58.13953488,0,0,0,0,2.906976744,1.744186047,0,20.93023256,0,0,0,0,0.581395349,1.744186047,0,0,0,0,0,0,0,0,0,0,0,0,0,0,0,0,172,13.95348837,0,58.13953488,0,0,0,na,2.906976744,1.744186047,na,20.93023256,na,0.581395349,1.744186047,0,0,0,na,na,42.7,0,16.7,0,0,0,0,0.147,0.104,0,9.1,0,0,0,0,0.029,0.153,0,0,0,0,0,0,0,0,0,0,0,0,0,0,0,0,68.933,1378.66,61.94420669,0,24.22642276,0,0,0,0,0.213250548,0.150871136,0,13.20122438,0,0,0,0,0.042069836,0.221954652,0,0,0,0,0,0,0,0,0,0,0,0,0,0,0,0,68.786,62.07658535,24.27819614,0,0,0,0.151193557,na,13.22943622,na,0.042159742,0.222428983,na,na,na
304,3,112,2023,row,0.3216,0.3223,1,0,0,0,1,0,0,0,0,0,0,0,2,50,0,0,0,50,0,0,0,0,0,0,0,133.9,5356,0,0,0,0,0,0,0,0,0,0,0,0,0,0,0,0,0,0,0,0,0,0,0,0,na,na,na,na,na,na,na,na,na,na,na,na,na,na,na,na,na,na,na,na,na,0,na,na,na,na,na,na,na,na,na,na,na,na,na,na,na,na,106,8,0,73,1,0,0,0,1,0,0,16,0,0,0,0,0,7,0,0,0,0,0,0,0,0,0,0,0,0,0,0,0,0,106,7.547169811,0,68.86792453,0.943396226,0,0,0,0.943396226,0,0,15.09433962,0,0,0,0,0,6.603773585,0,0,0,0,0,0,0,0,0,0,0,0,0,0,0,0,106,7.547169811,0,68.86792453,0.943396226,0,0,na,0.943396226,0,na,15.09433962,na,0,6.603773585,0,0,0,na,na,13.6,0,9.1,0.107,0,0,0,0.145,0,0,3.6,0,0,0,0,0,4.3,0,0,0,0,0,0,0,0,0,0,0,0,0,0,0,0,30.852,617.04,44.08142098,0,29.49565668,0.346817062,0,0,0,0.469985738,0,0,11.66861144,0,0,0,0,0,13.9375081,0,0,0,0,0,0,0,0,0,0,0,0,0,0,0,0,30.707,44.28957567,29.63493666,0.34845475,0,0,0,na,11.72371121,na,0,14.00332172,na,na,na
305,3,168,2023,row,0.3978,0.3884,0,0,0,0,0,0,0,0,0,0,0,0,0,#DIV/0!,#DIV/0!,#DIV/0!,#DIV/0!,#DIV/0!,#DIV/0!,#DIV/0!,#DIV/0!,#DIV/0!,#DIV/0!,#DIV/0!,#DIV/0!,124.1,4964,0,0,0,0,0,0,0,0,0,0,0,0,0,0,0,0,0,0,0,0,0,0,0,0,na,na,na,na,na,na,na,na,na,na,na,na,na,na,na,na,na,na,na,na,na,0,na,na,na,na,na,na,na,na,na,na,na,na,na,na,na,na,116,17,7,63,9,0,0,0,0,0,0,14,0,0,0,0,1,5,0,0,0,0,0,0,0,0,0,0,0,0,0,0,0,0,116,14.65517241,6.034482759,54.31034483,7.75862069,0,0,0,0,0,0,12.06896552,0,0,0,0,0.862068966,4.310344828,0,0,0,0,0,0,0,0,0,0,0,0,0,0,0,0,116,14.65517241,6.034482759,54.31034483,7.75862069,0,0,na,0,0,na,12.06896552,na,0.862068966,4.310344828,0,0,0,na,na,23.4,0.06,6.5,1,0,0,0,0,0,0,2.2,0,0,0,0,0.006,0.108,0,0,0,0,0,0,0,0,0,0,0,0,0,0,0,0,33.274,665.48,70.32517882,0.180320971,19.53477189,3.005349522,0,0,0,0,0,0,6.611768949,0,0,0,0,0.018032097,0.324577748,0,0,0,0,0,0,0,0,0,0,0,0,0,0,0,0,33.214,70.45221894,19.57006082,3.010778587,0,0,0,na,6.623712892,na,0.018064672,0.325164087,na,na,na
306,3,28,2023,row,0.054,0.0541,0,0,0,0,0,0,0,0,0,0,0,0,0,#DIV/0!,#DIV/0!,#DIV/0!,#DIV/0!,#DIV/0!,#DIV/0!,#DIV/0!,#DIV/0!,#DIV/0!,#DIV/0!,#DIV/0!,#DIV/0!,63.5,2540,0,0,0,0,0,0,0,0,0,0,0,0,0,0,0,0,0,0,0,0,0,0,0,0,na,na,na,na,na,na,na,na,na,na,na,na,na,na,na,na,na,na,na,na,na,0,na,na,na,na,na,na,na,na,na,na,na,na,na,na,na,na,156,16,0,80,9,3,8,0,14,16,0,0,0,0,0,0,0,7,0,0,0,0,0,3,0,0,0,0,0,0,0,0,0,0,156,10.25641026,0,51.28205128,5.769230769,1.923076923,5.128205128,0,8.974358974,10.25641026,0,0,0,0,0,0,0,4.487179487,0,0,0,0,0,1.923076923,0,0,0,0,0,0,0,0,0,0,156,10.25641026,0,51.28205128,5.769230769,1.923076923,5.128205128,na,8.974358974,10.25641026,na,0,na,0,4.487179487,0,0,1.923076923,na,na,31.6,0,11,1.5,0.094,0.287,0,0.5,0.8,0,0,0,0,0,0,0,14,0,0,0,0,0,0.123,0,0,0,0,0,0,0,0,0,0,59.904,1198.08,52.75106838,0,18.36271368,2.50400641,0.156917735,0.479099893,0,0.834668803,1.335470085,0,0,0,0,0,0,0,23.3707265,0,0,0,0,0,0.205328526,0,0,0,0,0,0,0,0,0,0,59.281,53.30544357,18.55569238,2.530321688,0.158566826,0.484134883,1.3495049,na,0,na,0,23.61633576,na,na,na
307,3,28,2023,grid,0.2357,0.203,0,0,0,0,1,0,0,0,0,2,0,0,3,0,0,0,0,33.33333333,0,0,0,0,66.66666667,0,0,95.6,3824,0.01,0.4,0,0,0,0,0,0,0,0,0,0,0,0,0.007,0.003,0,0,0,0,0,0,0,0.01,0,0,0,0,0,0,0,0,0,0,0,0,70,30,0,0,0,0,0,0,0,0.003,0,0,0,0,0,0,0,0,0,0,0,100,na,na,na,na,95,13,1,36,21,0,0,0,3,3,0,6,0,0,0,0,0,11,0,0,1,0,0,0,0,0,0,0,0,0,0,0,0,0,95,13.68421053,1.052631579,37.89473684,22.10526316,0,0,0,3.157894737,3.157894737,0,6.315789474,0,0,0,0,0,11.57894737,0,0,1.052631579,0,0,0,0,0,0,0,0,0,0,0,0,0,95,13.68421053,1.052631579,37.89473684,22.10526316,0,0,na,3.157894737,3.157894737,na,6.315789474,na,0,11.57894737,0,1.052631579,0,na,na,25.1,0.015,3.9,3.3,0,0,0,0.153,0.308,0,2.2,0,0,0,0,0,0.497,0,0,0.2,0,0,0,0,0,0,0,0,0,0,0,0,0,35.673,713.46,70.36133771,0.042048608,10.93263813,9.250693802,0,0,0,0.428895804,0.863398088,0,6.167129201,0,0,0,0,0,1.393210551,0,0,0.560648109,0,0,0,0,0,0,0,0,0,0,0,0,0,35.305,71.09474579,11.04659397,9.347117972,0,0,0.872397677,na,6.231411981,na,0,1.407732616,na,na,na
308,3,168,2023,grid,0.2667,0.2492,1,0,0,0,0,0,0,0,0,3,0,0,4,25,0,0,0,0,0,0,0,0,75,0,0,113.3,4532,0.594,23.76,0,0,0,0,0.314,0,0.28,0,0,0,0,0,0,0,0,0,0,0,0,0,0,0.594,0,0,0,0,52.86195286,0,47.13804714,0,0,0,0,0,0,0,0,0,0,0,0,0,0,0.594,0,0,0,0,52.86195286,0,47.13804714,0,0,0,0,0,na,na,na,na,61,16,0,19,8,0,0,0,1,0,0,4,0,0,0,0,0,12,0,0,0,0,0,1,0,0,0,0,0,0,0,0,0,0,61,26.2295082,0,31.14754098,13.1147541,0,0,0,1.639344262,0,0,6.557377049,0,0,0,0,0,19.67213115,0,0,0,0,0,1.639344262,0,0,0,0,0,0,0,0,0,0,61,26.2295082,0,31.14754098,13.1147541,0,0,na,1.639344262,0,na,6.557377049,na,0,19.67213115,0,0,1.639344262,na,na,22.9,0,4.4,0.695,0,0,0,0.079,0,0,0.7,0,0,0,0,0,3.5,0,0,0,0,0,0.21,0,0,0,0,0,0,0,0,0,0,32.484,649.68,70.4962443,0,13.54512991,2.139514838,0,0,0,0.243196651,0,0,2.154907031,0,0,0,0,0,10.77453516,0,0,0,0,0,0.646472109,0,0,0,0,0,0,0,0,0,0,32.195,71.12905731,13.66671843,2.158720298,0,0,0,na,2.17425066,na,0,10.8712533,na,na,na
309,3,112,2023,grid,0.1625,0.1536,2,0,0,0,0,0,0,0,0,4,0,0,6,33.33333333,0,0,0,0,0,0,0,0,66.66666667,0,0,70.8,2832,2.49,99.6,0.49,0,0,0,0,0,2,0,0,0,0,0,0,0,0,0,0,0,0,0,0,2.49,19.67871486,0,0,0,0,0,80.32128514,0,0,0,0,0,0,0,0,0,0,0,0,0,0,2.49,19.67871486,0,0,0,0,0,80.32128514,0,0,0,0,0,na,na,na,na,115,9,0,56,5,0,8,0,0,0,0,5,0,0,0,0,2,30,0,0,0,0,0,0,0,0,0,0,0,0,0,0,0,0,115,7.826086957,0,48.69565217,4.347826087,0,6.956521739,0,0,0,0,4.347826087,0,0,0,0,1.739130435,26.08695652,0,0,0,0,0,0,0,0,0,0,0,0,0,0,0,0,115,7.826086957,0,48.69565217,4.347826087,0,6.956521739,na,0,0,na,4.347826087,na,1.739130435,26.08695652,0,0,0,na,na,9.1,0,5.9,0.23,0,0.246,0,0,0,0,1,0,0,0,0,0.127,8.1,0,0,0,0,0.007,0,0,0,0,0,0,0,0,0,0,0,24.71,494.2,36.82719547,0,23.87697289,0.930797248,0,0.995548361,0,0,0,0,4.046944557,0,0,0,0,0.513961959,32.78025091,0,0,0,0,0.028328612,0,0,0,0,0,0,0,0,0,0,0,24.703,36.83763106,23.88373882,0.931061005,0,0.995830466,0,na,4.048091325,na,0.514107598,32.78953973,na,na,na